solid OpenSCAD_Model
  facet normal 0 0 1
    outer loop
      vertex 244.801 -0.730659 1
      vertex 242.5 -0.5 1
      vertex 242.697 -1.70147 1
    endloop
  endfacet
  facet normal 0 0 1
    outer loop
      vertex 242.5 -0.5 1
      vertex 115.315 -5.21544 1
      vertex 242.697 -1.70147 1
    endloop
  endfacet
  facet normal 0 -0 1
    outer loop
      vertex 115.315 -5.21544 1
      vertex 242.5 -0.5 1
      vertex 110.6 -0.5 1
    endloop
  endfacet
  facet normal 0 0 1
    outer loop
      vertex 255.25 0 1
      vertex 257.5 0 1
      vertex 257.495 0.261745 1
    endloop
  endfacet
  facet normal 0 0 1
    outer loop
      vertex 255.247 0.183222 1
      vertex 257.495 0.261745 1
      vertex 257.482 0.523173 1
    endloop
  endfacet
  facet normal 0 0 1
    outer loop
      vertex 257.5 0 1
      vertex 255.25 0 1
      vertex 257.495 -0.261745 1
    endloop
  endfacet
  facet normal 0 0 1
    outer loop
      vertex 255.237 0.366221 1
      vertex 257.482 0.523173 1
      vertex 257.459 0.783963 1
    endloop
  endfacet
  facet normal -0 0 1
    outer loop
      vertex 255.247 -0.183222 1
      vertex 257.495 -0.261745 1
      vertex 255.25 0 1
    endloop
  endfacet
  facet normal 0 0 1
    outer loop
      vertex 255.221 0.548774 1
      vertex 257.459 0.783963 1
      vertex 257.427 1.0438 1
    endloop
  endfacet
  facet normal 0 0 1
    outer loop
      vertex 257.495 -0.261745 1
      vertex 255.247 -0.183222 1
      vertex 257.482 -0.523173 1
    endloop
  endfacet
  facet normal 0 0 1
    outer loop
      vertex 255.199 0.730659 1
      vertex 257.427 1.0438 1
      vertex 257.386 1.30236 1
    endloop
  endfacet
  facet normal -0 0 1
    outer loop
      vertex 255.237 -0.366221 1
      vertex 257.482 -0.523173 1
      vertex 255.247 -0.183222 1
    endloop
  endfacet
  facet normal 0 0 1
    outer loop
      vertex 255.17 0.911653 1
      vertex 257.386 1.30236 1
      vertex 257.336 1.55934 1
    endloop
  endfacet
  facet normal 0 0 1
    outer loop
      vertex 257.482 -0.523173 1
      vertex 255.237 -0.366221 1
      vertex 257.459 -0.783963 1
    endloop
  endfacet
  facet normal 0 0 1
    outer loop
      vertex 255.135 1.09154 1
      vertex 257.336 1.55934 1
      vertex 257.277 1.81441 1
    endloop
  endfacet
  facet normal -0 0 1
    outer loop
      vertex 255.221 -0.548774 1
      vertex 257.459 -0.783963 1
      vertex 255.237 -0.366221 1
    endloop
  endfacet
  facet normal 0 0 1
    outer loop
      vertex 255.094 1.27009 1
      vertex 257.277 1.81441 1
      vertex 257.209 2.06728 1
    endloop
  endfacet
  facet normal 0 0 1
    outer loop
      vertex 257.459 -0.783963 1
      vertex 255.221 -0.548774 1
      vertex 257.427 -1.0438 1
    endloop
  endfacet
  facet normal 0 0 1
    outer loop
      vertex 255.047 1.4471 1
      vertex 257.209 2.06728 1
      vertex 257.133 2.31763 1
    endloop
  endfacet
  facet normal -0 0 1
    outer loop
      vertex 255.199 -0.730659 1
      vertex 257.427 -1.0438 1
      vertex 255.221 -0.548774 1
    endloop
  endfacet
  facet normal 0 0 1
    outer loop
      vertex 254.993 1.62234 1
      vertex 257.133 2.31763 1
      vertex 257.048 2.56515 1
    endloop
  endfacet
  facet normal 0 0 1
    outer loop
      vertex 257.427 -1.0438 1
      vertex 255.199 -0.730659 1
      vertex 257.386 -1.30236 1
    endloop
  endfacet
  facet normal 0 0 1
    outer loop
      vertex 254.933 1.79561 1
      vertex 257.048 2.56515 1
      vertex 256.954 2.80955 1
    endloop
  endfacet
  facet normal -0 0 1
    outer loop
      vertex 255.17 -0.911653 1
      vertex 257.386 -1.30236 1
      vertex 255.199 -0.730659 1
    endloop
  endfacet
  facet normal 0 0 1
    outer loop
      vertex 254.868 1.96668 1
      vertex 256.954 2.80955 1
      vertex 256.852 3.05052 1
    endloop
  endfacet
  facet normal 0 0 1
    outer loop
      vertex 257.386 -1.30236 1
      vertex 255.17 -0.911653 1
      vertex 257.336 -1.55934 1
    endloop
  endfacet
  facet normal 0 0 1
    outer loop
      vertex 254.796 2.13537 1
      vertex 256.852 3.05052 1
      vertex 256.741 3.28778 1
    endloop
  endfacet
  facet normal -0 0 1
    outer loop
      vertex 255.135 -1.09154 1
      vertex 257.336 -1.55934 1
      vertex 255.17 -0.911653 1
    endloop
  endfacet
  facet normal 0 0 1
    outer loop
      vertex 254.719 2.30145 1
      vertex 256.741 3.28778 1
      vertex 256.622 3.52104 1
    endloop
  endfacet
  facet normal 0 0 1
    outer loop
      vertex 257.336 -1.55934 1
      vertex 255.135 -1.09154 1
      vertex 257.277 -1.81441 1
    endloop
  endfacet
  facet normal 0 0 1
    outer loop
      vertex 254.635 2.46473 1
      vertex 256.622 3.52104 1
      vertex 256.495 3.75 1
    endloop
  endfacet
  facet normal -0 0 1
    outer loop
      vertex 255.094 -1.27009 1
      vertex 257.277 -1.81441 1
      vertex 255.135 -1.09154 1
    endloop
  endfacet
  facet normal 0 0 1
    outer loop
      vertex 254.547 2.625 1
      vertex 256.495 3.75 1
      vertex 256.36 3.97439 1
    endloop
  endfacet
  facet normal 0 0 1
    outer loop
      vertex 257.277 -1.81441 1
      vertex 255.094 -1.27009 1
      vertex 257.209 -2.06728 1
    endloop
  endfacet
  facet normal 0 0 1
    outer loop
      vertex 254.452 2.78208 1
      vertex 256.36 3.97439 1
      vertex 256.218 4.19395 1
    endloop
  endfacet
  facet normal -0 0 1
    outer loop
      vertex 255.047 -1.4471 1
      vertex 257.209 -2.06728 1
      vertex 255.094 -1.27009 1
    endloop
  endfacet
  facet normal 0 0 1
    outer loop
      vertex 254.352 2.93576 1
      vertex 256.218 4.19395 1
      vertex 256.068 4.40839 1
    endloop
  endfacet
  facet normal 0 0 1
    outer loop
      vertex 257.209 -2.06728 1
      vertex 255.047 -1.4471 1
      vertex 257.133 -2.31763 1
    endloop
  endfacet
  facet normal 0 0 1
    outer loop
      vertex 254.247 3.08587 1
      vertex 256.068 4.40839 1
      vertex 255.91 4.61746 1
    endloop
  endfacet
  facet normal -0 0 1
    outer loop
      vertex 254.993 -1.62234 1
      vertex 257.133 -2.31763 1
      vertex 255.047 -1.4471 1
    endloop
  endfacet
  facet normal 0 0 1
    outer loop
      vertex 254.137 3.23222 1
      vertex 255.91 4.61746 1
      vertex 255.745 4.82091 1
    endloop
  endfacet
  facet normal 0 0 1
    outer loop
      vertex 257.133 -2.31763 1
      vertex 254.993 -1.62234 1
      vertex 257.048 -2.56515 1
    endloop
  endfacet
  facet normal 0 0 1
    outer loop
      vertex 254.022 3.37463 1
      vertex 255.745 4.82091 1
      vertex 255.574 5.01848 1
    endloop
  endfacet
  facet normal -0 0 1
    outer loop
      vertex 254.933 -1.79561 1
      vertex 257.048 -2.56515 1
      vertex 254.993 -1.62234 1
    endloop
  endfacet
  facet normal 0 0 1
    outer loop
      vertex 253.902 3.51294 1
      vertex 255.574 5.01848 1
      vertex 255.395 5.20994 1
    endloop
  endfacet
  facet normal 0 0 1
    outer loop
      vertex 257.048 -2.56515 1
      vertex 254.933 -1.79561 1
      vertex 256.954 -2.80955 1
    endloop
  endfacet
  facet normal -0 0 1
    outer loop
      vertex 254.868 -1.96668 1
      vertex 256.954 -2.80955 1
      vertex 254.933 -1.79561 1
    endloop
  endfacet
  facet normal 0 0 1
    outer loop
      vertex 257.495 0.261745 1
      vertex 255.247 0.183222 1
      vertex 255.25 0 1
    endloop
  endfacet
  facet normal 0 0 1
    outer loop
      vertex 257.482 0.523173 1
      vertex 255.237 0.366221 1
      vertex 255.247 0.183222 1
    endloop
  endfacet
  facet normal 0 0 1
    outer loop
      vertex 257.459 0.783963 1
      vertex 255.221 0.548774 1
      vertex 255.237 0.366221 1
    endloop
  endfacet
  facet normal 0 0 1
    outer loop
      vertex 253.777 3.64696 1
      vertex 255.395 5.20994 1
      vertex 255.21 5.39505 1
    endloop
  endfacet
  facet normal 0 0 1
    outer loop
      vertex 257.427 1.0438 1
      vertex 255.199 0.730659 1
      vertex 255.221 0.548774 1
    endloop
  endfacet
  facet normal 0 0 1
    outer loop
      vertex 257.386 1.30236 1
      vertex 255.17 0.911653 1
      vertex 255.199 0.730659 1
    endloop
  endfacet
  facet normal 0 0 1
    outer loop
      vertex 257.336 1.55934 1
      vertex 255.135 1.09154 1
      vertex 255.17 0.911653 1
    endloop
  endfacet
  facet normal 0 0 1
    outer loop
      vertex 257.277 1.81441 1
      vertex 255.094 1.27009 1
      vertex 255.135 1.09154 1
    endloop
  endfacet
  facet normal 0 0 1
    outer loop
      vertex 257.209 2.06728 1
      vertex 255.047 1.4471 1
      vertex 255.094 1.27009 1
    endloop
  endfacet
  facet normal 0 0 1
    outer loop
      vertex 253.647 3.77653 1
      vertex 255.21 5.39505 1
      vertex 255.018 5.57359 1
    endloop
  endfacet
  facet normal 0 0 1
    outer loop
      vertex 257.133 2.31763 1
      vertex 254.993 1.62234 1
      vertex 255.047 1.4471 1
    endloop
  endfacet
  facet normal 0 0 1
    outer loop
      vertex 257.048 2.56515 1
      vertex 254.933 1.79561 1
      vertex 254.993 1.62234 1
    endloop
  endfacet
  facet normal 0 0 1
    outer loop
      vertex 256.954 2.80955 1
      vertex 254.868 1.96668 1
      vertex 254.933 1.79561 1
    endloop
  endfacet
  facet normal 0 0 1
    outer loop
      vertex 253.513 3.90151 1
      vertex 255.018 5.57359 1
      vertex 254.821 5.74533 1
    endloop
  endfacet
  facet normal 0 0 1
    outer loop
      vertex 256.852 3.05052 1
      vertex 254.796 2.13537 1
      vertex 254.868 1.96668 1
    endloop
  endfacet
  facet normal 0 0 1
    outer loop
      vertex 256.741 3.28778 1
      vertex 254.719 2.30145 1
      vertex 254.796 2.13537 1
    endloop
  endfacet
  facet normal 0 0 1
    outer loop
      vertex 256.622 3.52104 1
      vertex 254.635 2.46473 1
      vertex 254.719 2.30145 1
    endloop
  endfacet
  facet normal 0 0 1
    outer loop
      vertex 253.375 4.02173 1
      vertex 254.821 5.74533 1
      vertex 254.617 5.91008 1
    endloop
  endfacet
  facet normal 0 0 1
    outer loop
      vertex 256.495 3.75 1
      vertex 254.547 2.625 1
      vertex 254.635 2.46473 1
    endloop
  endfacet
  facet normal 0 0 1
    outer loop
      vertex 256.36 3.97439 1
      vertex 254.452 2.78208 1
      vertex 254.547 2.625 1
    endloop
  endfacet
  facet normal 0 0 1
    outer loop
      vertex 253.232 4.13706 1
      vertex 254.617 5.91008 1
      vertex 254.408 6.06763 1
    endloop
  endfacet
  facet normal 0 0 1
    outer loop
      vertex 256.218 4.19395 1
      vertex 254.352 2.93576 1
      vertex 254.452 2.78208 1
    endloop
  endfacet
  facet normal 0 0 1
    outer loop
      vertex 256.068 4.40839 1
      vertex 254.247 3.08587 1
      vertex 254.352 2.93576 1
    endloop
  endfacet
  facet normal 0 0 1
    outer loop
      vertex 253.086 4.24734 1
      vertex 254.408 6.06763 1
      vertex 254.194 6.21778 1
    endloop
  endfacet
  facet normal 0 0 1
    outer loop
      vertex 255.91 4.61746 1
      vertex 254.137 3.23222 1
      vertex 254.247 3.08587 1
    endloop
  endfacet
  facet normal 0 0 1
    outer loop
      vertex 255.745 4.82091 1
      vertex 254.022 3.37463 1
      vertex 254.137 3.23222 1
    endloop
  endfacet
  facet normal 0 0 1
    outer loop
      vertex 252.936 4.35245 1
      vertex 254.194 6.21778 1
      vertex 253.974 6.36036 1
    endloop
  endfacet
  facet normal 0 0 1
    outer loop
      vertex 255.574 5.01848 1
      vertex 253.902 3.51294 1
      vertex 254.022 3.37463 1
    endloop
  endfacet
  facet normal 0 0 1
    outer loop
      vertex 255.395 5.20994 1
      vertex 253.777 3.64696 1
      vertex 253.902 3.51294 1
    endloop
  endfacet
  facet normal 0 0 1
    outer loop
      vertex 252.782 4.45225 1
      vertex 253.974 6.36036 1
      vertex 253.75 6.49519 1
    endloop
  endfacet
  facet normal 0 0 1
    outer loop
      vertex 255.21 5.39505 1
      vertex 253.647 3.77653 1
      vertex 253.777 3.64696 1
    endloop
  endfacet
  facet normal 0 0 1
    outer loop
      vertex 252.625 4.54663 1
      vertex 253.75 6.49519 1
      vertex 253.521 6.62211 1
    endloop
  endfacet
  facet normal 0 0 1
    outer loop
      vertex 255.018 5.57359 1
      vertex 253.513 3.90151 1
      vertex 253.647 3.77653 1
    endloop
  endfacet
  facet normal 0 0 1
    outer loop
      vertex 254.821 5.74533 1
      vertex 253.375 4.02173 1
      vertex 253.513 3.90151 1
    endloop
  endfacet
  facet normal 0 0 1
    outer loop
      vertex 252.465 4.63547 1
      vertex 253.521 6.62211 1
      vertex 253.288 6.74095 1
    endloop
  endfacet
  facet normal 0 0 1
    outer loop
      vertex 254.617 5.91008 1
      vertex 253.232 4.13706 1
      vertex 253.375 4.02173 1
    endloop
  endfacet
  facet normal 0 0 1
    outer loop
      vertex 254.408 6.06763 1
      vertex 253.086 4.24734 1
      vertex 253.232 4.13706 1
    endloop
  endfacet
  facet normal 0 0 1
    outer loop
      vertex 252.301 4.71867 1
      vertex 253.288 6.74095 1
      vertex 253.051 6.85159 1
    endloop
  endfacet
  facet normal 0 0 1
    outer loop
      vertex 254.194 6.21778 1
      vertex 252.936 4.35245 1
      vertex 253.086 4.24734 1
    endloop
  endfacet
  facet normal 0 0 1
    outer loop
      vertex 252.135 4.79611 1
      vertex 253.051 6.85159 1
      vertex 252.81 6.95388 1
    endloop
  endfacet
  facet normal 0 0 1
    outer loop
      vertex 253.974 6.36036 1
      vertex 252.782 4.45225 1
      vertex 252.936 4.35245 1
    endloop
  endfacet
  facet normal 0 0 1
    outer loop
      vertex 253.75 6.49519 1
      vertex 252.625 4.54663 1
      vertex 252.782 4.45225 1
    endloop
  endfacet
  facet normal 0 0 1
    outer loop
      vertex 251.967 4.86771 1
      vertex 252.81 6.95388 1
      vertex 252.565 7.04769 1
    endloop
  endfacet
  facet normal 0 0 1
    outer loop
      vertex 253.521 6.62211 1
      vertex 252.465 4.63547 1
      vertex 252.625 4.54663 1
    endloop
  endfacet
  facet normal 0 0 1
    outer loop
      vertex 251.796 4.93339 1
      vertex 252.565 7.04769 1
      vertex 252.318 7.13292 1
    endloop
  endfacet
  facet normal 0 0 1
    outer loop
      vertex 253.288 6.74095 1
      vertex 252.301 4.71867 1
      vertex 252.465 4.63547 1
    endloop
  endfacet
  facet normal 0 0 1
    outer loop
      vertex 253.051 6.85159 1
      vertex 252.135 4.79611 1
      vertex 252.301 4.71867 1
    endloop
  endfacet
  facet normal 0 0 1
    outer loop
      vertex 251.622 4.99305 1
      vertex 252.318 7.13292 1
      vertex 252.067 7.20946 1
    endloop
  endfacet
  facet normal 0 0 1
    outer loop
      vertex 252.81 6.95388 1
      vertex 251.967 4.86771 1
      vertex 252.135 4.79611 1
    endloop
  endfacet
  facet normal 0 0 1
    outer loop
      vertex 251.447 5.04662 1
      vertex 252.067 7.20946 1
      vertex 251.814 7.27722 1
    endloop
  endfacet
  facet normal 0 0 1
    outer loop
      vertex 252.565 7.04769 1
      vertex 251.796 4.93339 1
      vertex 251.967 4.86771 1
    endloop
  endfacet
  facet normal 0 0 1
    outer loop
      vertex 252.318 7.13292 1
      vertex 251.622 4.99305 1
      vertex 251.796 4.93339 1
    endloop
  endfacet
  facet normal 0 0 1
    outer loop
      vertex 251.27 5.09405 1
      vertex 251.814 7.27722 1
      vertex 251.559 7.33611 1
    endloop
  endfacet
  facet normal 0 0 1
    outer loop
      vertex 252.067 7.20946 1
      vertex 251.447 5.04662 1
      vertex 251.622 4.99305 1
    endloop
  endfacet
  facet normal 0 0 1
    outer loop
      vertex 251.092 5.13527 1
      vertex 251.559 7.33611 1
      vertex 251.302 7.38606 1
    endloop
  endfacet
  facet normal 0 0 1
    outer loop
      vertex 251.814 7.27722 1
      vertex 251.27 5.09405 1
      vertex 251.447 5.04662 1
    endloop
  endfacet
  facet normal 0 0 1
    outer loop
      vertex 251.559 7.33611 1
      vertex 251.092 5.13527 1
      vertex 251.27 5.09405 1
    endloop
  endfacet
  facet normal 0 0 1
    outer loop
      vertex 250.912 5.17024 1
      vertex 251.302 7.38606 1
      vertex 251.044 7.42701 1
    endloop
  endfacet
  facet normal 0 0 1
    outer loop
      vertex 251.302 7.38606 1
      vertex 250.912 5.17024 1
      vertex 251.092 5.13527 1
    endloop
  endfacet
  facet normal 0 0 1
    outer loop
      vertex 250.731 5.19891 1
      vertex 251.044 7.42701 1
      vertex 250.784 7.45891 1
    endloop
  endfacet
  facet normal 0 0 1
    outer loop
      vertex 251.044 7.42701 1
      vertex 250.731 5.19891 1
      vertex 250.912 5.17024 1
    endloop
  endfacet
  facet normal 0 0 1
    outer loop
      vertex 250.784 7.45891 1
      vertex 250.549 5.22124 1
      vertex 250.731 5.19891 1
    endloop
  endfacet
  facet normal 0 0 1
    outer loop
      vertex 250.523 7.48173 1
      vertex 250.549 5.22124 1
      vertex 250.784 7.45891 1
    endloop
  endfacet
  facet normal 0 0 1
    outer loop
      vertex 250.523 7.48173 1
      vertex 250.366 5.23721 1
      vertex 250.549 5.22124 1
    endloop
  endfacet
  facet normal 0 0 1
    outer loop
      vertex 250.262 7.49543 1
      vertex 250.366 5.23721 1
      vertex 250.523 7.48173 1
    endloop
  endfacet
  facet normal 0 0 1
    outer loop
      vertex 250.262 7.49543 1
      vertex 250.183 5.2468 1
      vertex 250.366 5.23721 1
    endloop
  endfacet
  facet normal 0 0 1
    outer loop
      vertex 250 7.5 1
      vertex 250.183 5.2468 1
      vertex 250.262 7.49543 1
    endloop
  endfacet
  facet normal 0 0 1
    outer loop
      vertex 250 7.5 1
      vertex 250 5.25 1
      vertex 250.183 5.2468 1
    endloop
  endfacet
  facet normal 0 0 1
    outer loop
      vertex 250 7.5 1
      vertex 249.817 5.2468 1
      vertex 250 5.25 1
    endloop
  endfacet
  facet normal -0 0 1
    outer loop
      vertex 249.738 7.49543 1
      vertex 249.817 5.2468 1
      vertex 250 7.5 1
    endloop
  endfacet
  facet normal 0 0 1
    outer loop
      vertex 249.738 7.49543 1
      vertex 249.634 5.23721 1
      vertex 249.817 5.2468 1
    endloop
  endfacet
  facet normal -0 0 1
    outer loop
      vertex 249.477 7.48173 1
      vertex 249.634 5.23721 1
      vertex 249.738 7.49543 1
    endloop
  endfacet
  facet normal 0 0 1
    outer loop
      vertex 249.477 7.48173 1
      vertex 249.451 5.22124 1
      vertex 249.634 5.23721 1
    endloop
  endfacet
  facet normal -0 0 1
    outer loop
      vertex 249.216 7.45891 1
      vertex 249.451 5.22124 1
      vertex 249.477 7.48173 1
    endloop
  endfacet
  facet normal 0 0 1
    outer loop
      vertex 249.451 5.22124 1
      vertex 249.216 7.45891 1
      vertex 249.269 5.19891 1
    endloop
  endfacet
  facet normal -0 0 1
    outer loop
      vertex 248.956 7.42701 1
      vertex 249.269 5.19891 1
      vertex 249.216 7.45891 1
    endloop
  endfacet
  facet normal 0 0 1
    outer loop
      vertex 249.269 5.19891 1
      vertex 248.956 7.42701 1
      vertex 249.088 5.17024 1
    endloop
  endfacet
  facet normal -0 0 1
    outer loop
      vertex 248.698 7.38606 1
      vertex 249.088 5.17024 1
      vertex 248.956 7.42701 1
    endloop
  endfacet
  facet normal 0 0 1
    outer loop
      vertex 249.088 5.17024 1
      vertex 248.698 7.38606 1
      vertex 248.908 5.13527 1
    endloop
  endfacet
  facet normal -0 0 1
    outer loop
      vertex 248.441 7.33611 1
      vertex 248.908 5.13527 1
      vertex 248.698 7.38606 1
    endloop
  endfacet
  facet normal 0 0 1
    outer loop
      vertex 248.908 5.13527 1
      vertex 248.441 7.33611 1
      vertex 248.73 5.09405 1
    endloop
  endfacet
  facet normal -0 0 1
    outer loop
      vertex 248.186 7.27722 1
      vertex 248.73 5.09405 1
      vertex 248.441 7.33611 1
    endloop
  endfacet
  facet normal 0 0 1
    outer loop
      vertex 248.73 5.09405 1
      vertex 248.186 7.27722 1
      vertex 248.553 5.04662 1
    endloop
  endfacet
  facet normal -0 0 1
    outer loop
      vertex 247.933 7.20946 1
      vertex 248.553 5.04662 1
      vertex 248.186 7.27722 1
    endloop
  endfacet
  facet normal 0 0 1
    outer loop
      vertex 248.553 5.04662 1
      vertex 247.933 7.20946 1
      vertex 248.378 4.99305 1
    endloop
  endfacet
  facet normal -0 0 1
    outer loop
      vertex 247.682 7.13292 1
      vertex 248.378 4.99305 1
      vertex 247.933 7.20946 1
    endloop
  endfacet
  facet normal 0 0 1
    outer loop
      vertex 248.378 4.99305 1
      vertex 247.682 7.13292 1
      vertex 248.204 4.93339 1
    endloop
  endfacet
  facet normal -0 0 1
    outer loop
      vertex 247.435 7.04769 1
      vertex 248.204 4.93339 1
      vertex 247.682 7.13292 1
    endloop
  endfacet
  facet normal 0 0 1
    outer loop
      vertex 248.204 4.93339 1
      vertex 247.435 7.04769 1
      vertex 248.033 4.86771 1
    endloop
  endfacet
  facet normal -0 0 1
    outer loop
      vertex 247.19 6.95388 1
      vertex 248.033 4.86771 1
      vertex 247.435 7.04769 1
    endloop
  endfacet
  facet normal 0 0 1
    outer loop
      vertex 248.033 4.86771 1
      vertex 247.19 6.95388 1
      vertex 247.865 4.79611 1
    endloop
  endfacet
  facet normal -0 0 1
    outer loop
      vertex 246.949 6.85159 1
      vertex 247.865 4.79611 1
      vertex 247.19 6.95388 1
    endloop
  endfacet
  facet normal 0 0 1
    outer loop
      vertex 247.865 4.79611 1
      vertex 246.949 6.85159 1
      vertex 247.699 4.71867 1
    endloop
  endfacet
  facet normal -0 0 1
    outer loop
      vertex 246.712 6.74095 1
      vertex 247.699 4.71867 1
      vertex 246.949 6.85159 1
    endloop
  endfacet
  facet normal 0 0 1
    outer loop
      vertex 247.699 4.71867 1
      vertex 246.712 6.74095 1
      vertex 247.535 4.63547 1
    endloop
  endfacet
  facet normal -0 0 1
    outer loop
      vertex 246.479 6.62211 1
      vertex 247.535 4.63547 1
      vertex 246.712 6.74095 1
    endloop
  endfacet
  facet normal 0 0 1
    outer loop
      vertex 247.535 4.63547 1
      vertex 246.479 6.62211 1
      vertex 247.375 4.54663 1
    endloop
  endfacet
  facet normal -0 0 1
    outer loop
      vertex 246.25 6.49519 1
      vertex 247.375 4.54663 1
      vertex 246.479 6.62211 1
    endloop
  endfacet
  facet normal 0 0 1
    outer loop
      vertex 247.375 4.54663 1
      vertex 246.25 6.49519 1
      vertex 247.218 4.45225 1
    endloop
  endfacet
  facet normal -0 0 1
    outer loop
      vertex 246.026 6.36036 1
      vertex 247.218 4.45225 1
      vertex 246.25 6.49519 1
    endloop
  endfacet
  facet normal 0 0 1
    outer loop
      vertex 247.218 4.45225 1
      vertex 246.026 6.36036 1
      vertex 247.064 4.35245 1
    endloop
  endfacet
  facet normal -0 0 1
    outer loop
      vertex 245.806 6.21778 1
      vertex 247.064 4.35245 1
      vertex 246.026 6.36036 1
    endloop
  endfacet
  facet normal 0 0 1
    outer loop
      vertex 247.064 4.35245 1
      vertex 245.806 6.21778 1
      vertex 246.914 4.24734 1
    endloop
  endfacet
  facet normal -0 0 1
    outer loop
      vertex 245.592 6.06763 1
      vertex 246.914 4.24734 1
      vertex 245.806 6.21778 1
    endloop
  endfacet
  facet normal 0 0 1
    outer loop
      vertex 246.914 4.24734 1
      vertex 245.592 6.06763 1
      vertex 246.768 4.13706 1
    endloop
  endfacet
  facet normal -0 0 1
    outer loop
      vertex 245.383 5.91008 1
      vertex 246.768 4.13706 1
      vertex 245.592 6.06763 1
    endloop
  endfacet
  facet normal 0 0 1
    outer loop
      vertex 246.768 4.13706 1
      vertex 245.383 5.91008 1
      vertex 246.625 4.02173 1
    endloop
  endfacet
  facet normal -0 0 1
    outer loop
      vertex 245.179 5.74533 1
      vertex 246.625 4.02173 1
      vertex 245.383 5.91008 1
    endloop
  endfacet
  facet normal 0 0 1
    outer loop
      vertex 246.625 4.02173 1
      vertex 245.179 5.74533 1
      vertex 246.487 3.90151 1
    endloop
  endfacet
  facet normal -0 0 1
    outer loop
      vertex 244.982 5.57359 1
      vertex 246.487 3.90151 1
      vertex 245.179 5.74533 1
    endloop
  endfacet
  facet normal 0 0 1
    outer loop
      vertex 246.487 3.90151 1
      vertex 244.982 5.57359 1
      vertex 246.353 3.77653 1
    endloop
  endfacet
  facet normal -0 0 1
    outer loop
      vertex 244.79 5.39505 1
      vertex 246.353 3.77653 1
      vertex 244.982 5.57359 1
    endloop
  endfacet
  facet normal 0 0 1
    outer loop
      vertex 246.353 3.77653 1
      vertex 244.79 5.39505 1
      vertex 246.223 3.64696 1
    endloop
  endfacet
  facet normal -0 0 1
    outer loop
      vertex 244.605 5.20994 1
      vertex 246.223 3.64696 1
      vertex 244.79 5.39505 1
    endloop
  endfacet
  facet normal 0 0 1
    outer loop
      vertex 246.223 3.64696 1
      vertex 244.605 5.20994 1
      vertex 246.098 3.51294 1
    endloop
  endfacet
  facet normal -0 0 1
    outer loop
      vertex 244.426 5.01848 1
      vertex 246.098 3.51294 1
      vertex 244.605 5.20994 1
    endloop
  endfacet
  facet normal 0 0 1
    outer loop
      vertex 246.098 3.51294 1
      vertex 244.426 5.01848 1
      vertex 245.978 3.37463 1
    endloop
  endfacet
  facet normal -0 0 1
    outer loop
      vertex 244.255 4.82091 1
      vertex 245.978 3.37463 1
      vertex 244.426 5.01848 1
    endloop
  endfacet
  facet normal 0 0 1
    outer loop
      vertex 245.978 3.37463 1
      vertex 244.255 4.82091 1
      vertex 245.863 3.23222 1
    endloop
  endfacet
  facet normal -0 0 1
    outer loop
      vertex 244.09 4.61746 1
      vertex 245.863 3.23222 1
      vertex 244.255 4.82091 1
    endloop
  endfacet
  facet normal 0 0 1
    outer loop
      vertex 245.863 3.23222 1
      vertex 244.09 4.61746 1
      vertex 245.753 3.08587 1
    endloop
  endfacet
  facet normal -0 0 1
    outer loop
      vertex 243.932 4.40839 1
      vertex 245.753 3.08587 1
      vertex 244.09 4.61746 1
    endloop
  endfacet
  facet normal 0 0 1
    outer loop
      vertex 245.753 3.08587 1
      vertex 243.932 4.40839 1
      vertex 245.648 2.93576 1
    endloop
  endfacet
  facet normal -0 0 1
    outer loop
      vertex 243.782 4.19395 1
      vertex 245.648 2.93576 1
      vertex 243.932 4.40839 1
    endloop
  endfacet
  facet normal 0 0 1
    outer loop
      vertex 245.648 2.93576 1
      vertex 243.782 4.19395 1
      vertex 245.548 2.78208 1
    endloop
  endfacet
  facet normal -0 0 1
    outer loop
      vertex 243.64 3.97439 1
      vertex 245.548 2.78208 1
      vertex 243.782 4.19395 1
    endloop
  endfacet
  facet normal 0 0 1
    outer loop
      vertex 245.548 2.78208 1
      vertex 243.64 3.97439 1
      vertex 245.453 2.625 1
    endloop
  endfacet
  facet normal -0 0 1
    outer loop
      vertex 243.505 3.75 1
      vertex 245.453 2.625 1
      vertex 243.64 3.97439 1
    endloop
  endfacet
  facet normal 0 0 1
    outer loop
      vertex 245.453 2.625 1
      vertex 243.505 3.75 1
      vertex 245.365 2.46473 1
    endloop
  endfacet
  facet normal -0 0 1
    outer loop
      vertex 243.378 3.52104 1
      vertex 245.365 2.46473 1
      vertex 243.505 3.75 1
    endloop
  endfacet
  facet normal 0 0 1
    outer loop
      vertex 245.365 2.46473 1
      vertex 243.378 3.52104 1
      vertex 245.281 2.30145 1
    endloop
  endfacet
  facet normal -0 0 1
    outer loop
      vertex 243.259 3.28778 1
      vertex 245.281 2.30145 1
      vertex 243.378 3.52104 1
    endloop
  endfacet
  facet normal 0 0 1
    outer loop
      vertex 245.281 2.30145 1
      vertex 243.259 3.28778 1
      vertex 245.204 2.13537 1
    endloop
  endfacet
  facet normal -0 0 1
    outer loop
      vertex 243.148 3.05052 1
      vertex 245.204 2.13537 1
      vertex 243.259 3.28778 1
    endloop
  endfacet
  facet normal 0 0 1
    outer loop
      vertex 245.204 2.13537 1
      vertex 243.148 3.05052 1
      vertex 245.132 1.96668 1
    endloop
  endfacet
  facet normal -0 0 1
    outer loop
      vertex 243.046 2.80955 1
      vertex 245.132 1.96668 1
      vertex 243.148 3.05052 1
    endloop
  endfacet
  facet normal 0 0 1
    outer loop
      vertex 256.954 -2.80955 1
      vertex 254.868 -1.96668 1
      vertex 256.852 -3.05052 1
    endloop
  endfacet
  facet normal -0 0 1
    outer loop
      vertex 254.796 -2.13537 1
      vertex 256.852 -3.05052 1
      vertex 254.868 -1.96668 1
    endloop
  endfacet
  facet normal 0 0 1
    outer loop
      vertex 256.852 -3.05052 1
      vertex 254.796 -2.13537 1
      vertex 256.741 -3.28778 1
    endloop
  endfacet
  facet normal -0 0 1
    outer loop
      vertex 254.719 -2.30145 1
      vertex 256.741 -3.28778 1
      vertex 254.796 -2.13537 1
    endloop
  endfacet
  facet normal 0 0 1
    outer loop
      vertex 256.741 -3.28778 1
      vertex 254.719 -2.30145 1
      vertex 256.622 -3.52104 1
    endloop
  endfacet
  facet normal -0 0 1
    outer loop
      vertex 254.635 -2.46473 1
      vertex 256.622 -3.52104 1
      vertex 254.719 -2.30145 1
    endloop
  endfacet
  facet normal 0 0 1
    outer loop
      vertex 256.622 -3.52104 1
      vertex 254.635 -2.46473 1
      vertex 256.495 -3.75 1
    endloop
  endfacet
  facet normal -0 0 1
    outer loop
      vertex 254.547 -2.625 1
      vertex 256.495 -3.75 1
      vertex 254.635 -2.46473 1
    endloop
  endfacet
  facet normal 0 0 1
    outer loop
      vertex 256.495 -3.75 1
      vertex 254.547 -2.625 1
      vertex 256.36 -3.97439 1
    endloop
  endfacet
  facet normal -0 0 1
    outer loop
      vertex 254.452 -2.78208 1
      vertex 256.36 -3.97439 1
      vertex 254.547 -2.625 1
    endloop
  endfacet
  facet normal 0 0 1
    outer loop
      vertex 256.36 -3.97439 1
      vertex 254.452 -2.78208 1
      vertex 256.218 -4.19395 1
    endloop
  endfacet
  facet normal -0 0 1
    outer loop
      vertex 254.352 -2.93576 1
      vertex 256.218 -4.19395 1
      vertex 254.452 -2.78208 1
    endloop
  endfacet
  facet normal 0 0 1
    outer loop
      vertex 256.218 -4.19395 1
      vertex 254.352 -2.93576 1
      vertex 256.068 -4.40839 1
    endloop
  endfacet
  facet normal -0 0 1
    outer loop
      vertex 254.247 -3.08587 1
      vertex 256.068 -4.40839 1
      vertex 254.352 -2.93576 1
    endloop
  endfacet
  facet normal 0 0 1
    outer loop
      vertex 256.068 -4.40839 1
      vertex 254.247 -3.08587 1
      vertex 255.91 -4.61746 1
    endloop
  endfacet
  facet normal -0 0 1
    outer loop
      vertex 254.137 -3.23222 1
      vertex 255.91 -4.61746 1
      vertex 254.247 -3.08587 1
    endloop
  endfacet
  facet normal 0 0 1
    outer loop
      vertex 255.91 -4.61746 1
      vertex 254.137 -3.23222 1
      vertex 255.745 -4.82091 1
    endloop
  endfacet
  facet normal -0 0 1
    outer loop
      vertex 254.022 -3.37463 1
      vertex 255.745 -4.82091 1
      vertex 254.137 -3.23222 1
    endloop
  endfacet
  facet normal 0 0 1
    outer loop
      vertex 255.745 -4.82091 1
      vertex 254.022 -3.37463 1
      vertex 255.574 -5.01848 1
    endloop
  endfacet
  facet normal -0 0 1
    outer loop
      vertex 253.902 -3.51294 1
      vertex 255.574 -5.01848 1
      vertex 254.022 -3.37463 1
    endloop
  endfacet
  facet normal 0 0 1
    outer loop
      vertex 255.574 -5.01848 1
      vertex 253.902 -3.51294 1
      vertex 255.395 -5.20994 1
    endloop
  endfacet
  facet normal -0 0 1
    outer loop
      vertex 253.777 -3.64696 1
      vertex 255.395 -5.20994 1
      vertex 253.902 -3.51294 1
    endloop
  endfacet
  facet normal 0 0 1
    outer loop
      vertex 255.395 -5.20994 1
      vertex 253.777 -3.64696 1
      vertex 255.21 -5.39505 1
    endloop
  endfacet
  facet normal -0 0 1
    outer loop
      vertex 253.647 -3.77653 1
      vertex 255.21 -5.39505 1
      vertex 253.777 -3.64696 1
    endloop
  endfacet
  facet normal 0 0 1
    outer loop
      vertex 255.21 -5.39505 1
      vertex 253.647 -3.77653 1
      vertex 255.018 -5.57359 1
    endloop
  endfacet
  facet normal -0 0 1
    outer loop
      vertex 253.513 -3.90151 1
      vertex 255.018 -5.57359 1
      vertex 253.647 -3.77653 1
    endloop
  endfacet
  facet normal 0 0 1
    outer loop
      vertex 255.018 -5.57359 1
      vertex 253.513 -3.90151 1
      vertex 254.821 -5.74533 1
    endloop
  endfacet
  facet normal -0 0 1
    outer loop
      vertex 253.375 -4.02173 1
      vertex 254.821 -5.74533 1
      vertex 253.513 -3.90151 1
    endloop
  endfacet
  facet normal 0 0 1
    outer loop
      vertex 254.821 -5.74533 1
      vertex 253.375 -4.02173 1
      vertex 254.617 -5.91008 1
    endloop
  endfacet
  facet normal -0 0 1
    outer loop
      vertex 253.232 -4.13706 1
      vertex 254.617 -5.91008 1
      vertex 253.375 -4.02173 1
    endloop
  endfacet
  facet normal 0 0 1
    outer loop
      vertex 254.617 -5.91008 1
      vertex 253.232 -4.13706 1
      vertex 254.408 -6.06763 1
    endloop
  endfacet
  facet normal -0 0 1
    outer loop
      vertex 253.086 -4.24734 1
      vertex 254.408 -6.06763 1
      vertex 253.232 -4.13706 1
    endloop
  endfacet
  facet normal 0 0 1
    outer loop
      vertex 254.408 -6.06763 1
      vertex 253.086 -4.24734 1
      vertex 254.194 -6.21778 1
    endloop
  endfacet
  facet normal -0 0 1
    outer loop
      vertex 252.936 -4.35245 1
      vertex 254.194 -6.21778 1
      vertex 253.086 -4.24734 1
    endloop
  endfacet
  facet normal 0 0 1
    outer loop
      vertex 254.194 -6.21778 1
      vertex 252.936 -4.35245 1
      vertex 253.974 -6.36036 1
    endloop
  endfacet
  facet normal -0 0 1
    outer loop
      vertex 252.782 -4.45225 1
      vertex 253.974 -6.36036 1
      vertex 252.936 -4.35245 1
    endloop
  endfacet
  facet normal 0 0 1
    outer loop
      vertex 253.974 -6.36036 1
      vertex 252.782 -4.45225 1
      vertex 253.75 -6.49519 1
    endloop
  endfacet
  facet normal -0 0 1
    outer loop
      vertex 252.625 -4.54663 1
      vertex 253.75 -6.49519 1
      vertex 252.782 -4.45225 1
    endloop
  endfacet
  facet normal 0 0 1
    outer loop
      vertex 253.75 -6.49519 1
      vertex 252.625 -4.54663 1
      vertex 253.521 -6.62211 1
    endloop
  endfacet
  facet normal -0 0 1
    outer loop
      vertex 252.465 -4.63547 1
      vertex 253.521 -6.62211 1
      vertex 252.625 -4.54663 1
    endloop
  endfacet
  facet normal 0 0 1
    outer loop
      vertex 253.521 -6.62211 1
      vertex 252.465 -4.63547 1
      vertex 253.288 -6.74095 1
    endloop
  endfacet
  facet normal -0 0 1
    outer loop
      vertex 252.301 -4.71867 1
      vertex 253.288 -6.74095 1
      vertex 252.465 -4.63547 1
    endloop
  endfacet
  facet normal 0 0 1
    outer loop
      vertex 253.288 -6.74095 1
      vertex 252.301 -4.71867 1
      vertex 253.051 -6.85159 1
    endloop
  endfacet
  facet normal -0 0 1
    outer loop
      vertex 252.135 -4.79611 1
      vertex 253.051 -6.85159 1
      vertex 252.301 -4.71867 1
    endloop
  endfacet
  facet normal 0 0 1
    outer loop
      vertex 253.051 -6.85159 1
      vertex 252.135 -4.79611 1
      vertex 252.81 -6.95388 1
    endloop
  endfacet
  facet normal -0 0 1
    outer loop
      vertex 251.967 -4.86771 1
      vertex 252.81 -6.95388 1
      vertex 252.135 -4.79611 1
    endloop
  endfacet
  facet normal 0 0 1
    outer loop
      vertex 252.81 -6.95388 1
      vertex 251.967 -4.86771 1
      vertex 252.565 -7.04769 1
    endloop
  endfacet
  facet normal -0 0 1
    outer loop
      vertex 251.796 -4.93339 1
      vertex 252.565 -7.04769 1
      vertex 251.967 -4.86771 1
    endloop
  endfacet
  facet normal 0 0 1
    outer loop
      vertex 252.565 -7.04769 1
      vertex 251.796 -4.93339 1
      vertex 252.318 -7.13292 1
    endloop
  endfacet
  facet normal -0 0 1
    outer loop
      vertex 251.622 -4.99305 1
      vertex 252.318 -7.13292 1
      vertex 251.796 -4.93339 1
    endloop
  endfacet
  facet normal 0 0 1
    outer loop
      vertex 252.318 -7.13292 1
      vertex 251.622 -4.99305 1
      vertex 252.067 -7.20946 1
    endloop
  endfacet
  facet normal -0 0 1
    outer loop
      vertex 251.447 -5.04662 1
      vertex 252.067 -7.20946 1
      vertex 251.622 -4.99305 1
    endloop
  endfacet
  facet normal 0 0 1
    outer loop
      vertex 252.067 -7.20946 1
      vertex 251.447 -5.04662 1
      vertex 251.814 -7.27722 1
    endloop
  endfacet
  facet normal -0 0 1
    outer loop
      vertex 251.27 -5.09405 1
      vertex 251.814 -7.27722 1
      vertex 251.447 -5.04662 1
    endloop
  endfacet
  facet normal 0 0 1
    outer loop
      vertex 251.814 -7.27722 1
      vertex 251.27 -5.09405 1
      vertex 251.559 -7.33611 1
    endloop
  endfacet
  facet normal -0 0 1
    outer loop
      vertex 251.092 -5.13527 1
      vertex 251.559 -7.33611 1
      vertex 251.27 -5.09405 1
    endloop
  endfacet
  facet normal 0 0 1
    outer loop
      vertex 251.559 -7.33611 1
      vertex 251.092 -5.13527 1
      vertex 251.302 -7.38606 1
    endloop
  endfacet
  facet normal -0 0 1
    outer loop
      vertex 250.912 -5.17024 1
      vertex 251.302 -7.38606 1
      vertex 251.092 -5.13527 1
    endloop
  endfacet
  facet normal 0 0 1
    outer loop
      vertex 251.302 -7.38606 1
      vertex 250.912 -5.17024 1
      vertex 251.044 -7.42701 1
    endloop
  endfacet
  facet normal -0 0 1
    outer loop
      vertex 250.731 -5.19891 1
      vertex 251.044 -7.42701 1
      vertex 250.912 -5.17024 1
    endloop
  endfacet
  facet normal 0 0 1
    outer loop
      vertex 251.044 -7.42701 1
      vertex 250.731 -5.19891 1
      vertex 250.784 -7.45891 1
    endloop
  endfacet
  facet normal -0 0 1
    outer loop
      vertex 250.549 -5.22124 1
      vertex 250.784 -7.45891 1
      vertex 250.731 -5.19891 1
    endloop
  endfacet
  facet normal 0 0 1
    outer loop
      vertex 250.549 -5.22124 1
      vertex 250.523 -7.48173 1
      vertex 250.784 -7.45891 1
    endloop
  endfacet
  facet normal -0 0 1
    outer loop
      vertex 250.366 -5.23721 1
      vertex 250.523 -7.48173 1
      vertex 250.549 -5.22124 1
    endloop
  endfacet
  facet normal 0 0 1
    outer loop
      vertex 250.366 -5.23721 1
      vertex 250.262 -7.49543 1
      vertex 250.523 -7.48173 1
    endloop
  endfacet
  facet normal -0 0 1
    outer loop
      vertex 250.183 -5.2468 1
      vertex 250.262 -7.49543 1
      vertex 250.366 -5.23721 1
    endloop
  endfacet
  facet normal -0 0 1
    outer loop
      vertex 250 -5.25 1
      vertex 250.262 -7.49543 1
      vertex 250.183 -5.2468 1
    endloop
  endfacet
  facet normal 0 0 1
    outer loop
      vertex 250 -5.25 1
      vertex 250 -7.5 1
      vertex 250.262 -7.49543 1
    endloop
  endfacet
  facet normal 0 0 1
    outer loop
      vertex 249.817 -5.2468 1
      vertex 250 -7.5 1
      vertex 250 -5.25 1
    endloop
  endfacet
  facet normal 0 0 1
    outer loop
      vertex 249.817 -5.2468 1
      vertex 249.738 -7.49543 1
      vertex 250 -7.5 1
    endloop
  endfacet
  facet normal 0 0 1
    outer loop
      vertex 249.634 -5.23721 1
      vertex 249.738 -7.49543 1
      vertex 249.817 -5.2468 1
    endloop
  endfacet
  facet normal 0 0 1
    outer loop
      vertex 249.634 -5.23721 1
      vertex 249.477 -7.48173 1
      vertex 249.738 -7.49543 1
    endloop
  endfacet
  facet normal 0 0 1
    outer loop
      vertex 249.451 -5.22124 1
      vertex 249.477 -7.48173 1
      vertex 249.634 -5.23721 1
    endloop
  endfacet
  facet normal 0 0 1
    outer loop
      vertex 249.216 -7.45891 1
      vertex 249.451 -5.22124 1
      vertex 249.269 -5.19891 1
    endloop
  endfacet
  facet normal 0 0 1
    outer loop
      vertex 249.451 -5.22124 1
      vertex 249.216 -7.45891 1
      vertex 249.477 -7.48173 1
    endloop
  endfacet
  facet normal 0 0 1
    outer loop
      vertex 248.956 -7.42701 1
      vertex 249.269 -5.19891 1
      vertex 249.088 -5.17024 1
    endloop
  endfacet
  facet normal 0 0 1
    outer loop
      vertex 249.269 -5.19891 1
      vertex 248.956 -7.42701 1
      vertex 249.216 -7.45891 1
    endloop
  endfacet
  facet normal 0 0 1
    outer loop
      vertex 248.698 -7.38606 1
      vertex 249.088 -5.17024 1
      vertex 248.908 -5.13527 1
    endloop
  endfacet
  facet normal 0 0 1
    outer loop
      vertex 248.441 -7.33611 1
      vertex 248.908 -5.13527 1
      vertex 248.73 -5.09405 1
    endloop
  endfacet
  facet normal 0 0 1
    outer loop
      vertex 249.088 -5.17024 1
      vertex 248.698 -7.38606 1
      vertex 248.956 -7.42701 1
    endloop
  endfacet
  facet normal 0 0 1
    outer loop
      vertex 248.186 -7.27722 1
      vertex 248.73 -5.09405 1
      vertex 248.553 -5.04662 1
    endloop
  endfacet
  facet normal 0 0 1
    outer loop
      vertex 248.908 -5.13527 1
      vertex 248.441 -7.33611 1
      vertex 248.698 -7.38606 1
    endloop
  endfacet
  facet normal 0 0 1
    outer loop
      vertex 247.933 -7.20946 1
      vertex 248.553 -5.04662 1
      vertex 248.378 -4.99305 1
    endloop
  endfacet
  facet normal 0 0 1
    outer loop
      vertex 247.682 -7.13292 1
      vertex 248.378 -4.99305 1
      vertex 248.204 -4.93339 1
    endloop
  endfacet
  facet normal 0 0 1
    outer loop
      vertex 248.73 -5.09405 1
      vertex 248.186 -7.27722 1
      vertex 248.441 -7.33611 1
    endloop
  endfacet
  facet normal 0 0 1
    outer loop
      vertex 247.435 -7.04769 1
      vertex 248.204 -4.93339 1
      vertex 248.033 -4.86771 1
    endloop
  endfacet
  facet normal 0 0 1
    outer loop
      vertex 248.553 -5.04662 1
      vertex 247.933 -7.20946 1
      vertex 248.186 -7.27722 1
    endloop
  endfacet
  facet normal 0 0 1
    outer loop
      vertex 247.19 -6.95388 1
      vertex 248.033 -4.86771 1
      vertex 247.865 -4.79611 1
    endloop
  endfacet
  facet normal 0 0 1
    outer loop
      vertex 246.949 -6.85159 1
      vertex 247.865 -4.79611 1
      vertex 247.699 -4.71867 1
    endloop
  endfacet
  facet normal 0 0 1
    outer loop
      vertex 248.378 -4.99305 1
      vertex 247.682 -7.13292 1
      vertex 247.933 -7.20946 1
    endloop
  endfacet
  facet normal 0 0 1
    outer loop
      vertex 246.712 -6.74095 1
      vertex 247.699 -4.71867 1
      vertex 247.535 -4.63547 1
    endloop
  endfacet
  facet normal 0 0 1
    outer loop
      vertex 248.204 -4.93339 1
      vertex 247.435 -7.04769 1
      vertex 247.682 -7.13292 1
    endloop
  endfacet
  facet normal 0 0 1
    outer loop
      vertex 246.479 -6.62211 1
      vertex 247.535 -4.63547 1
      vertex 247.375 -4.54663 1
    endloop
  endfacet
  facet normal 0 0 1
    outer loop
      vertex 246.25 -6.49519 1
      vertex 247.375 -4.54663 1
      vertex 247.218 -4.45225 1
    endloop
  endfacet
  facet normal 0 0 1
    outer loop
      vertex 248.033 -4.86771 1
      vertex 247.19 -6.95388 1
      vertex 247.435 -7.04769 1
    endloop
  endfacet
  facet normal 0 0 1
    outer loop
      vertex 246.026 -6.36036 1
      vertex 247.218 -4.45225 1
      vertex 247.064 -4.35245 1
    endloop
  endfacet
  facet normal 0 0 1
    outer loop
      vertex 247.865 -4.79611 1
      vertex 246.949 -6.85159 1
      vertex 247.19 -6.95388 1
    endloop
  endfacet
  facet normal 0 0 1
    outer loop
      vertex 245.806 -6.21778 1
      vertex 247.064 -4.35245 1
      vertex 246.914 -4.24734 1
    endloop
  endfacet
  facet normal 0 0 1
    outer loop
      vertex 245.592 -6.06763 1
      vertex 246.914 -4.24734 1
      vertex 246.768 -4.13706 1
    endloop
  endfacet
  facet normal 0 0 1
    outer loop
      vertex 247.699 -4.71867 1
      vertex 246.712 -6.74095 1
      vertex 246.949 -6.85159 1
    endloop
  endfacet
  facet normal 0 0 1
    outer loop
      vertex 245.383 -5.91008 1
      vertex 246.768 -4.13706 1
      vertex 246.625 -4.02173 1
    endloop
  endfacet
  facet normal 0 0 1
    outer loop
      vertex 245.179 -5.74533 1
      vertex 246.625 -4.02173 1
      vertex 246.487 -3.90151 1
    endloop
  endfacet
  facet normal 0 0 1
    outer loop
      vertex 247.535 -4.63547 1
      vertex 246.479 -6.62211 1
      vertex 246.712 -6.74095 1
    endloop
  endfacet
  facet normal 0 0 1
    outer loop
      vertex 244.982 -5.57359 1
      vertex 246.487 -3.90151 1
      vertex 246.353 -3.77653 1
    endloop
  endfacet
  facet normal 0 0 1
    outer loop
      vertex 247.375 -4.54663 1
      vertex 246.25 -6.49519 1
      vertex 246.479 -6.62211 1
    endloop
  endfacet
  facet normal 0 0 1
    outer loop
      vertex 244.79 -5.39505 1
      vertex 246.353 -3.77653 1
      vertex 246.223 -3.64696 1
    endloop
  endfacet
  facet normal 0 0 1
    outer loop
      vertex 244.605 -5.20994 1
      vertex 246.223 -3.64696 1
      vertex 246.098 -3.51294 1
    endloop
  endfacet
  facet normal 0 0 1
    outer loop
      vertex 247.218 -4.45225 1
      vertex 246.026 -6.36036 1
      vertex 246.25 -6.49519 1
    endloop
  endfacet
  facet normal 0 0 1
    outer loop
      vertex 244.426 -5.01848 1
      vertex 246.098 -3.51294 1
      vertex 245.978 -3.37463 1
    endloop
  endfacet
  facet normal 0 0 1
    outer loop
      vertex 244.255 -4.82091 1
      vertex 245.978 -3.37463 1
      vertex 245.863 -3.23222 1
    endloop
  endfacet
  facet normal 0 0 1
    outer loop
      vertex 247.064 -4.35245 1
      vertex 245.806 -6.21778 1
      vertex 246.026 -6.36036 1
    endloop
  endfacet
  facet normal 0 0 1
    outer loop
      vertex 244.09 -4.61746 1
      vertex 245.863 -3.23222 1
      vertex 245.753 -3.08587 1
    endloop
  endfacet
  facet normal 0 0 1
    outer loop
      vertex 243.932 -4.40839 1
      vertex 245.753 -3.08587 1
      vertex 245.648 -2.93576 1
    endloop
  endfacet
  facet normal 0 0 1
    outer loop
      vertex 246.914 -4.24734 1
      vertex 245.592 -6.06763 1
      vertex 245.806 -6.21778 1
    endloop
  endfacet
  facet normal 0 0 1
    outer loop
      vertex 243.782 -4.19395 1
      vertex 245.648 -2.93576 1
      vertex 245.548 -2.78208 1
    endloop
  endfacet
  facet normal 0 0 1
    outer loop
      vertex 243.64 -3.97439 1
      vertex 245.548 -2.78208 1
      vertex 245.453 -2.625 1
    endloop
  endfacet
  facet normal 0 0 1
    outer loop
      vertex 246.768 -4.13706 1
      vertex 245.383 -5.91008 1
      vertex 245.592 -6.06763 1
    endloop
  endfacet
  facet normal 0 0 1
    outer loop
      vertex 243.505 -3.75 1
      vertex 245.453 -2.625 1
      vertex 245.365 -2.46473 1
    endloop
  endfacet
  facet normal 0 0 1
    outer loop
      vertex 243.378 -3.52104 1
      vertex 245.365 -2.46473 1
      vertex 245.281 -2.30145 1
    endloop
  endfacet
  facet normal 0 0 1
    outer loop
      vertex 243.259 -3.28778 1
      vertex 245.281 -2.30145 1
      vertex 245.204 -2.13537 1
    endloop
  endfacet
  facet normal 0 0 1
    outer loop
      vertex 246.625 -4.02173 1
      vertex 245.179 -5.74533 1
      vertex 245.383 -5.91008 1
    endloop
  endfacet
  facet normal 0 0 1
    outer loop
      vertex 243.148 -3.05052 1
      vertex 245.204 -2.13537 1
      vertex 245.132 -1.96668 1
    endloop
  endfacet
  facet normal 0 0 1
    outer loop
      vertex 243.046 -2.80955 1
      vertex 245.132 -1.96668 1
      vertex 245.067 -1.79561 1
    endloop
  endfacet
  facet normal 0 0 1
    outer loop
      vertex 242.952 -2.56515 1
      vertex 245.067 -1.79561 1
      vertex 245.007 -1.62234 1
    endloop
  endfacet
  facet normal 0 0 1
    outer loop
      vertex 246.487 -3.90151 1
      vertex 244.982 -5.57359 1
      vertex 245.179 -5.74533 1
    endloop
  endfacet
  facet normal 0 0 1
    outer loop
      vertex 242.867 -2.31763 1
      vertex 245.007 -1.62234 1
      vertex 244.953 -1.4471 1
    endloop
  endfacet
  facet normal 0 0 1
    outer loop
      vertex 242.791 -2.06728 1
      vertex 244.953 -1.4471 1
      vertex 244.906 -1.27009 1
    endloop
  endfacet
  facet normal 0 0 1
    outer loop
      vertex 242.697 -1.70147 1
      vertex 244.906 -1.27009 1
      vertex 244.865 -1.09154 1
    endloop
  endfacet
  facet normal 0 0 1
    outer loop
      vertex 242.697 -1.70147 1
      vertex 244.865 -1.09154 1
      vertex 244.83 -0.911653 1
    endloop
  endfacet
  facet normal 0 0 1
    outer loop
      vertex 242.697 -1.70147 1
      vertex 244.83 -0.911653 1
      vertex 244.801 -0.730659 1
    endloop
  endfacet
  facet normal 0 0 1
    outer loop
      vertex 246.353 -3.77653 1
      vertex 244.79 -5.39505 1
      vertex 244.982 -5.57359 1
    endloop
  endfacet
  facet normal 0 0 1
    outer loop
      vertex 242.5 -0.5 1
      vertex 244.801 -0.730659 1
      vertex 244.779 -0.548774 1
    endloop
  endfacet
  facet normal -0 0 1
    outer loop
      vertex 242.5 -0.5 1
      vertex 244.779 -0.548774 1
      vertex 244.763 -0.366221 1
    endloop
  endfacet
  facet normal 0 0 1
    outer loop
      vertex 244.75 0 1
      vertex 242.5 -0.5 1
      vertex 244.753 -0.183222 1
    endloop
  endfacet
  facet normal 0 0 1
    outer loop
      vertex 242.5 -0.5 1
      vertex 244.75 0 1
      vertex 242.5 0.5 1
    endloop
  endfacet
  facet normal 0 0 1
    outer loop
      vertex 245.132 1.96668 1
      vertex 243.046 2.80955 1
      vertex 245.067 1.79561 1
    endloop
  endfacet
  facet normal 0 0 1
    outer loop
      vertex 246.223 -3.64696 1
      vertex 244.605 -5.20994 1
      vertex 244.79 -5.39505 1
    endloop
  endfacet
  facet normal -0 0 1
    outer loop
      vertex 242.952 2.56515 1
      vertex 245.067 1.79561 1
      vertex 243.046 2.80955 1
    endloop
  endfacet
  facet normal 0 0 1
    outer loop
      vertex 246.098 -3.51294 1
      vertex 244.426 -5.01848 1
      vertex 244.605 -5.20994 1
    endloop
  endfacet
  facet normal 0 0 1
    outer loop
      vertex 245.067 1.79561 1
      vertex 242.952 2.56515 1
      vertex 245.007 1.62234 1
    endloop
  endfacet
  facet normal 0 0 1
    outer loop
      vertex 245.978 -3.37463 1
      vertex 244.255 -4.82091 1
      vertex 244.426 -5.01848 1
    endloop
  endfacet
  facet normal -0 0 1
    outer loop
      vertex 242.867 2.31763 1
      vertex 245.007 1.62234 1
      vertex 242.952 2.56515 1
    endloop
  endfacet
  facet normal 0 0 1
    outer loop
      vertex 245.863 -3.23222 1
      vertex 244.09 -4.61746 1
      vertex 244.255 -4.82091 1
    endloop
  endfacet
  facet normal 0 0 1
    outer loop
      vertex 245.007 1.62234 1
      vertex 242.867 2.31763 1
      vertex 244.953 1.4471 1
    endloop
  endfacet
  facet normal 0 0 1
    outer loop
      vertex 245.753 -3.08587 1
      vertex 243.932 -4.40839 1
      vertex 244.09 -4.61746 1
    endloop
  endfacet
  facet normal -0 0 1
    outer loop
      vertex 242.791 2.06728 1
      vertex 244.953 1.4471 1
      vertex 242.867 2.31763 1
    endloop
  endfacet
  facet normal 0 0 1
    outer loop
      vertex 245.648 -2.93576 1
      vertex 243.782 -4.19395 1
      vertex 243.932 -4.40839 1
    endloop
  endfacet
  facet normal 0 0 1
    outer loop
      vertex 244.953 1.4471 1
      vertex 242.791 2.06728 1
      vertex 244.906 1.27009 1
    endloop
  endfacet
  facet normal 0 0 1
    outer loop
      vertex 245.548 -2.78208 1
      vertex 243.64 -3.97439 1
      vertex 243.782 -4.19395 1
    endloop
  endfacet
  facet normal -0 0 1
    outer loop
      vertex 242.723 1.81441 1
      vertex 244.906 1.27009 1
      vertex 242.791 2.06728 1
    endloop
  endfacet
  facet normal 0 0 1
    outer loop
      vertex 245.453 -2.625 1
      vertex 243.505 -3.75 1
      vertex 243.64 -3.97439 1
    endloop
  endfacet
  facet normal -0 0 1
    outer loop
      vertex 242.697 1.70147 1
      vertex 244.906 1.27009 1
      vertex 242.723 1.81441 1
    endloop
  endfacet
  facet normal 0 0 1
    outer loop
      vertex 245.365 -2.46473 1
      vertex 243.378 -3.52104 1
      vertex 243.505 -3.75 1
    endloop
  endfacet
  facet normal 0 0 1
    outer loop
      vertex 244.906 1.27009 1
      vertex 242.697 1.70147 1
      vertex 244.865 1.09154 1
    endloop
  endfacet
  facet normal 0 0 1
    outer loop
      vertex 245.281 -2.30145 1
      vertex 243.259 -3.28778 1
      vertex 243.378 -3.52104 1
    endloop
  endfacet
  facet normal 0 0 1
    outer loop
      vertex 244.865 1.09154 1
      vertex 242.697 1.70147 1
      vertex 244.83 0.911653 1
    endloop
  endfacet
  facet normal 0 0 1
    outer loop
      vertex 245.204 -2.13537 1
      vertex 243.148 -3.05052 1
      vertex 243.259 -3.28778 1
    endloop
  endfacet
  facet normal 0 0 1
    outer loop
      vertex 244.83 0.911653 1
      vertex 242.697 1.70147 1
      vertex 244.801 0.730659 1
    endloop
  endfacet
  facet normal 0 0 1
    outer loop
      vertex 245.132 -1.96668 1
      vertex 243.046 -2.80955 1
      vertex 243.148 -3.05052 1
    endloop
  endfacet
  facet normal 0 0 1
    outer loop
      vertex 242.5 0.5 1
      vertex 244.801 0.730659 1
      vertex 242.697 1.70147 1
    endloop
  endfacet
  facet normal 0 0 1
    outer loop
      vertex 245.067 -1.79561 1
      vertex 242.952 -2.56515 1
      vertex 243.046 -2.80955 1
    endloop
  endfacet
  facet normal 0 0 1
    outer loop
      vertex 244.801 0.730659 1
      vertex 242.5 0.5 1
      vertex 244.779 0.548774 1
    endloop
  endfacet
  facet normal 0 0 1
    outer loop
      vertex 245.007 -1.62234 1
      vertex 242.867 -2.31763 1
      vertex 242.952 -2.56515 1
    endloop
  endfacet
  facet normal 0 0 1
    outer loop
      vertex 244.779 0.548774 1
      vertex 242.5 0.5 1
      vertex 244.763 0.366221 1
    endloop
  endfacet
  facet normal 0 0 1
    outer loop
      vertex 244.953 -1.4471 1
      vertex 242.791 -2.06728 1
      vertex 242.867 -2.31763 1
    endloop
  endfacet
  facet normal 0 0 1
    outer loop
      vertex 244.763 0.366221 1
      vertex 242.5 0.5 1
      vertex 244.753 0.183222 1
    endloop
  endfacet
  facet normal 0 0 1
    outer loop
      vertex 244.753 0.183222 1
      vertex 242.5 0.5 1
      vertex 244.75 0 1
    endloop
  endfacet
  facet normal 0 0 1
    outer loop
      vertex 244.906 -1.27009 1
      vertex 242.697 -1.70147 1
      vertex 242.723 -1.81441 1
    endloop
  endfacet
  facet normal 0 0 1
    outer loop
      vertex 244.906 -1.27009 1
      vertex 242.723 -1.81441 1
      vertex 242.791 -2.06728 1
    endloop
  endfacet
  facet normal 0 0 1
    outer loop
      vertex 244.753 -0.183222 1
      vertex 242.5 -0.5 1
      vertex 244.763 -0.366221 1
    endloop
  endfacet
  facet normal 0 0 1
    outer loop
      vertex 242.697 1.70147 1
      vertex 109.6 0.5 1
      vertex 242.5 0.5 1
    endloop
  endfacet
  facet normal 0 -0 1
    outer loop
      vertex 109.6 0.5 1
      vertex 242.697 1.70147 1
      vertex 104.589 5.51135 1
    endloop
  endfacet
  facet normal 0 0 -1
    outer loop
      vertex 255.25 0 0
      vertex 257.5 0 0
      vertex 257.495 -0.261745 0
    endloop
  endfacet
  facet normal 0 0 -1
    outer loop
      vertex 255.247 -0.183222 0
      vertex 257.495 -0.261745 0
      vertex 257.482 -0.523173 0
    endloop
  endfacet
  facet normal 0 0 -1
    outer loop
      vertex 257.5 0 0
      vertex 255.25 0 0
      vertex 257.495 0.261745 0
    endloop
  endfacet
  facet normal 0 0 -1
    outer loop
      vertex 255.237 -0.366221 0
      vertex 257.482 -0.523173 0
      vertex 257.459 -0.783963 0
    endloop
  endfacet
  facet normal 0 0 -1
    outer loop
      vertex 255.247 0.183222 0
      vertex 257.495 0.261745 0
      vertex 255.25 0 0
    endloop
  endfacet
  facet normal 0 0 -1
    outer loop
      vertex 255.221 -0.548774 0
      vertex 257.459 -0.783963 0
      vertex 257.427 -1.0438 0
    endloop
  endfacet
  facet normal -0 0 -1
    outer loop
      vertex 257.495 0.261745 0
      vertex 255.247 0.183222 0
      vertex 257.482 0.523173 0
    endloop
  endfacet
  facet normal 0 0 -1
    outer loop
      vertex 255.199 -0.730659 0
      vertex 257.427 -1.0438 0
      vertex 257.386 -1.30236 0
    endloop
  endfacet
  facet normal 0 0 -1
    outer loop
      vertex 255.237 0.366221 0
      vertex 257.482 0.523173 0
      vertex 255.247 0.183222 0
    endloop
  endfacet
  facet normal 0 0 -1
    outer loop
      vertex 255.17 -0.911653 0
      vertex 257.386 -1.30236 0
      vertex 257.336 -1.55934 0
    endloop
  endfacet
  facet normal -0 0 -1
    outer loop
      vertex 257.482 0.523173 0
      vertex 255.237 0.366221 0
      vertex 257.459 0.783963 0
    endloop
  endfacet
  facet normal 0 0 -1
    outer loop
      vertex 255.135 -1.09154 0
      vertex 257.336 -1.55934 0
      vertex 257.277 -1.81441 0
    endloop
  endfacet
  facet normal 0 0 -1
    outer loop
      vertex 255.221 0.548774 0
      vertex 257.459 0.783963 0
      vertex 255.237 0.366221 0
    endloop
  endfacet
  facet normal 0 0 -1
    outer loop
      vertex 255.094 -1.27009 0
      vertex 257.277 -1.81441 0
      vertex 257.209 -2.06728 0
    endloop
  endfacet
  facet normal -0 0 -1
    outer loop
      vertex 257.459 0.783963 0
      vertex 255.221 0.548774 0
      vertex 257.427 1.0438 0
    endloop
  endfacet
  facet normal 0 0 -1
    outer loop
      vertex 255.047 -1.4471 0
      vertex 257.209 -2.06728 0
      vertex 257.133 -2.31763 0
    endloop
  endfacet
  facet normal 0 0 -1
    outer loop
      vertex 255.199 0.730659 0
      vertex 257.427 1.0438 0
      vertex 255.221 0.548774 0
    endloop
  endfacet
  facet normal 0 0 -1
    outer loop
      vertex 254.993 -1.62234 0
      vertex 257.133 -2.31763 0
      vertex 257.048 -2.56515 0
    endloop
  endfacet
  facet normal -0 0 -1
    outer loop
      vertex 257.427 1.0438 0
      vertex 255.199 0.730659 0
      vertex 257.386 1.30236 0
    endloop
  endfacet
  facet normal 0 0 -1
    outer loop
      vertex 254.933 -1.79561 0
      vertex 257.048 -2.56515 0
      vertex 256.954 -2.80955 0
    endloop
  endfacet
  facet normal 0 0 -1
    outer loop
      vertex 255.17 0.911653 0
      vertex 257.386 1.30236 0
      vertex 255.199 0.730659 0
    endloop
  endfacet
  facet normal 0 0 -1
    outer loop
      vertex 254.868 -1.96668 0
      vertex 256.954 -2.80955 0
      vertex 256.852 -3.05052 0
    endloop
  endfacet
  facet normal -0 0 -1
    outer loop
      vertex 257.386 1.30236 0
      vertex 255.17 0.911653 0
      vertex 257.336 1.55934 0
    endloop
  endfacet
  facet normal 0 0 -1
    outer loop
      vertex 254.796 -2.13537 0
      vertex 256.852 -3.05052 0
      vertex 256.741 -3.28778 0
    endloop
  endfacet
  facet normal 0 0 -1
    outer loop
      vertex 255.135 1.09154 0
      vertex 257.336 1.55934 0
      vertex 255.17 0.911653 0
    endloop
  endfacet
  facet normal 0 0 -1
    outer loop
      vertex 254.719 -2.30145 0
      vertex 256.741 -3.28778 0
      vertex 256.622 -3.52104 0
    endloop
  endfacet
  facet normal -0 0 -1
    outer loop
      vertex 257.336 1.55934 0
      vertex 255.135 1.09154 0
      vertex 257.277 1.81441 0
    endloop
  endfacet
  facet normal 0 0 -1
    outer loop
      vertex 254.635 -2.46473 0
      vertex 256.622 -3.52104 0
      vertex 256.495 -3.75 0
    endloop
  endfacet
  facet normal 0 0 -1
    outer loop
      vertex 255.094 1.27009 0
      vertex 257.277 1.81441 0
      vertex 255.135 1.09154 0
    endloop
  endfacet
  facet normal 0 0 -1
    outer loop
      vertex 254.547 -2.625 0
      vertex 256.495 -3.75 0
      vertex 256.36 -3.97439 0
    endloop
  endfacet
  facet normal -0 0 -1
    outer loop
      vertex 257.277 1.81441 0
      vertex 255.094 1.27009 0
      vertex 257.209 2.06728 0
    endloop
  endfacet
  facet normal 0 0 -1
    outer loop
      vertex 254.452 -2.78208 0
      vertex 256.36 -3.97439 0
      vertex 256.218 -4.19395 0
    endloop
  endfacet
  facet normal 0 0 -1
    outer loop
      vertex 255.047 1.4471 0
      vertex 257.209 2.06728 0
      vertex 255.094 1.27009 0
    endloop
  endfacet
  facet normal 0 0 -1
    outer loop
      vertex 254.352 -2.93576 0
      vertex 256.218 -4.19395 0
      vertex 256.068 -4.40839 0
    endloop
  endfacet
  facet normal -0 0 -1
    outer loop
      vertex 257.209 2.06728 0
      vertex 255.047 1.4471 0
      vertex 257.133 2.31763 0
    endloop
  endfacet
  facet normal 0 0 -1
    outer loop
      vertex 254.247 -3.08587 0
      vertex 256.068 -4.40839 0
      vertex 255.91 -4.61746 0
    endloop
  endfacet
  facet normal 0 0 -1
    outer loop
      vertex 254.993 1.62234 0
      vertex 257.133 2.31763 0
      vertex 255.047 1.4471 0
    endloop
  endfacet
  facet normal 0 0 -1
    outer loop
      vertex 254.137 -3.23222 0
      vertex 255.91 -4.61746 0
      vertex 255.745 -4.82091 0
    endloop
  endfacet
  facet normal -0 0 -1
    outer loop
      vertex 257.133 2.31763 0
      vertex 254.993 1.62234 0
      vertex 257.048 2.56515 0
    endloop
  endfacet
  facet normal 0 0 -1
    outer loop
      vertex 254.022 -3.37463 0
      vertex 255.745 -4.82091 0
      vertex 255.574 -5.01848 0
    endloop
  endfacet
  facet normal 0 0 -1
    outer loop
      vertex 254.933 1.79561 0
      vertex 257.048 2.56515 0
      vertex 254.993 1.62234 0
    endloop
  endfacet
  facet normal 0 0 -1
    outer loop
      vertex 253.902 -3.51294 0
      vertex 255.574 -5.01848 0
      vertex 255.395 -5.20994 0
    endloop
  endfacet
  facet normal -0 0 -1
    outer loop
      vertex 257.048 2.56515 0
      vertex 254.933 1.79561 0
      vertex 256.954 2.80955 0
    endloop
  endfacet
  facet normal 0 0 -1
    outer loop
      vertex 254.868 1.96668 0
      vertex 256.954 2.80955 0
      vertex 254.933 1.79561 0
    endloop
  endfacet
  facet normal 0 0 -1
    outer loop
      vertex 257.495 -0.261745 0
      vertex 255.247 -0.183222 0
      vertex 255.25 0 0
    endloop
  endfacet
  facet normal 0 0 -1
    outer loop
      vertex 257.482 -0.523173 0
      vertex 255.237 -0.366221 0
      vertex 255.247 -0.183222 0
    endloop
  endfacet
  facet normal 0 0 -1
    outer loop
      vertex 257.459 -0.783963 0
      vertex 255.221 -0.548774 0
      vertex 255.237 -0.366221 0
    endloop
  endfacet
  facet normal 0 0 -1
    outer loop
      vertex 253.777 -3.64696 0
      vertex 255.395 -5.20994 0
      vertex 255.21 -5.39505 0
    endloop
  endfacet
  facet normal 0 0 -1
    outer loop
      vertex 257.427 -1.0438 0
      vertex 255.199 -0.730659 0
      vertex 255.221 -0.548774 0
    endloop
  endfacet
  facet normal 0 0 -1
    outer loop
      vertex 257.386 -1.30236 0
      vertex 255.17 -0.911653 0
      vertex 255.199 -0.730659 0
    endloop
  endfacet
  facet normal 0 0 -1
    outer loop
      vertex 257.336 -1.55934 0
      vertex 255.135 -1.09154 0
      vertex 255.17 -0.911653 0
    endloop
  endfacet
  facet normal 0 0 -1
    outer loop
      vertex 257.277 -1.81441 0
      vertex 255.094 -1.27009 0
      vertex 255.135 -1.09154 0
    endloop
  endfacet
  facet normal 0 0 -1
    outer loop
      vertex 257.209 -2.06728 0
      vertex 255.047 -1.4471 0
      vertex 255.094 -1.27009 0
    endloop
  endfacet
  facet normal 0 0 -1
    outer loop
      vertex 253.647 -3.77653 0
      vertex 255.21 -5.39505 0
      vertex 255.018 -5.57359 0
    endloop
  endfacet
  facet normal 0 0 -1
    outer loop
      vertex 257.133 -2.31763 0
      vertex 254.993 -1.62234 0
      vertex 255.047 -1.4471 0
    endloop
  endfacet
  facet normal 0 0 -1
    outer loop
      vertex 257.048 -2.56515 0
      vertex 254.933 -1.79561 0
      vertex 254.993 -1.62234 0
    endloop
  endfacet
  facet normal 0 0 -1
    outer loop
      vertex 256.954 -2.80955 0
      vertex 254.868 -1.96668 0
      vertex 254.933 -1.79561 0
    endloop
  endfacet
  facet normal 0 0 -1
    outer loop
      vertex 253.513 -3.90151 0
      vertex 255.018 -5.57359 0
      vertex 254.821 -5.74533 0
    endloop
  endfacet
  facet normal 0 0 -1
    outer loop
      vertex 256.852 -3.05052 0
      vertex 254.796 -2.13537 0
      vertex 254.868 -1.96668 0
    endloop
  endfacet
  facet normal 0 0 -1
    outer loop
      vertex 256.741 -3.28778 0
      vertex 254.719 -2.30145 0
      vertex 254.796 -2.13537 0
    endloop
  endfacet
  facet normal 0 0 -1
    outer loop
      vertex 256.622 -3.52104 0
      vertex 254.635 -2.46473 0
      vertex 254.719 -2.30145 0
    endloop
  endfacet
  facet normal 0 0 -1
    outer loop
      vertex 253.375 -4.02173 0
      vertex 254.821 -5.74533 0
      vertex 254.617 -5.91008 0
    endloop
  endfacet
  facet normal 0 0 -1
    outer loop
      vertex 256.495 -3.75 0
      vertex 254.547 -2.625 0
      vertex 254.635 -2.46473 0
    endloop
  endfacet
  facet normal 0 0 -1
    outer loop
      vertex 256.36 -3.97439 0
      vertex 254.452 -2.78208 0
      vertex 254.547 -2.625 0
    endloop
  endfacet
  facet normal 0 0 -1
    outer loop
      vertex 253.232 -4.13706 0
      vertex 254.617 -5.91008 0
      vertex 254.408 -6.06763 0
    endloop
  endfacet
  facet normal 0 0 -1
    outer loop
      vertex 256.218 -4.19395 0
      vertex 254.352 -2.93576 0
      vertex 254.452 -2.78208 0
    endloop
  endfacet
  facet normal 0 0 -1
    outer loop
      vertex 256.068 -4.40839 0
      vertex 254.247 -3.08587 0
      vertex 254.352 -2.93576 0
    endloop
  endfacet
  facet normal 0 0 -1
    outer loop
      vertex 253.086 -4.24734 0
      vertex 254.408 -6.06763 0
      vertex 254.194 -6.21778 0
    endloop
  endfacet
  facet normal 0 0 -1
    outer loop
      vertex 255.91 -4.61746 0
      vertex 254.137 -3.23222 0
      vertex 254.247 -3.08587 0
    endloop
  endfacet
  facet normal 0 0 -1
    outer loop
      vertex 255.745 -4.82091 0
      vertex 254.022 -3.37463 0
      vertex 254.137 -3.23222 0
    endloop
  endfacet
  facet normal 0 0 -1
    outer loop
      vertex 252.936 -4.35245 0
      vertex 254.194 -6.21778 0
      vertex 253.974 -6.36036 0
    endloop
  endfacet
  facet normal 0 0 -1
    outer loop
      vertex 255.574 -5.01848 0
      vertex 253.902 -3.51294 0
      vertex 254.022 -3.37463 0
    endloop
  endfacet
  facet normal 0 0 -1
    outer loop
      vertex 255.395 -5.20994 0
      vertex 253.777 -3.64696 0
      vertex 253.902 -3.51294 0
    endloop
  endfacet
  facet normal 0 0 -1
    outer loop
      vertex 252.782 -4.45225 0
      vertex 253.974 -6.36036 0
      vertex 253.75 -6.49519 0
    endloop
  endfacet
  facet normal 0 0 -1
    outer loop
      vertex 255.21 -5.39505 0
      vertex 253.647 -3.77653 0
      vertex 253.777 -3.64696 0
    endloop
  endfacet
  facet normal 0 0 -1
    outer loop
      vertex 252.625 -4.54663 0
      vertex 253.75 -6.49519 0
      vertex 253.521 -6.62211 0
    endloop
  endfacet
  facet normal 0 0 -1
    outer loop
      vertex 255.018 -5.57359 0
      vertex 253.513 -3.90151 0
      vertex 253.647 -3.77653 0
    endloop
  endfacet
  facet normal 0 0 -1
    outer loop
      vertex 254.821 -5.74533 0
      vertex 253.375 -4.02173 0
      vertex 253.513 -3.90151 0
    endloop
  endfacet
  facet normal 0 0 -1
    outer loop
      vertex 252.465 -4.63547 0
      vertex 253.521 -6.62211 0
      vertex 253.288 -6.74095 0
    endloop
  endfacet
  facet normal 0 0 -1
    outer loop
      vertex 254.617 -5.91008 0
      vertex 253.232 -4.13706 0
      vertex 253.375 -4.02173 0
    endloop
  endfacet
  facet normal 0 0 -1
    outer loop
      vertex 254.408 -6.06763 0
      vertex 253.086 -4.24734 0
      vertex 253.232 -4.13706 0
    endloop
  endfacet
  facet normal 0 0 -1
    outer loop
      vertex 252.301 -4.71867 0
      vertex 253.288 -6.74095 0
      vertex 253.051 -6.85159 0
    endloop
  endfacet
  facet normal 0 0 -1
    outer loop
      vertex 254.194 -6.21778 0
      vertex 252.936 -4.35245 0
      vertex 253.086 -4.24734 0
    endloop
  endfacet
  facet normal 0 0 -1
    outer loop
      vertex 252.135 -4.79611 0
      vertex 253.051 -6.85159 0
      vertex 252.81 -6.95388 0
    endloop
  endfacet
  facet normal 0 0 -1
    outer loop
      vertex 253.974 -6.36036 0
      vertex 252.782 -4.45225 0
      vertex 252.936 -4.35245 0
    endloop
  endfacet
  facet normal 0 0 -1
    outer loop
      vertex 253.75 -6.49519 0
      vertex 252.625 -4.54663 0
      vertex 252.782 -4.45225 0
    endloop
  endfacet
  facet normal 0 0 -1
    outer loop
      vertex 251.967 -4.86771 0
      vertex 252.81 -6.95388 0
      vertex 252.565 -7.04769 0
    endloop
  endfacet
  facet normal 0 0 -1
    outer loop
      vertex 253.521 -6.62211 0
      vertex 252.465 -4.63547 0
      vertex 252.625 -4.54663 0
    endloop
  endfacet
  facet normal 0 0 -1
    outer loop
      vertex 251.796 -4.93339 0
      vertex 252.565 -7.04769 0
      vertex 252.318 -7.13292 0
    endloop
  endfacet
  facet normal 0 0 -1
    outer loop
      vertex 253.288 -6.74095 0
      vertex 252.301 -4.71867 0
      vertex 252.465 -4.63547 0
    endloop
  endfacet
  facet normal 0 0 -1
    outer loop
      vertex 253.051 -6.85159 0
      vertex 252.135 -4.79611 0
      vertex 252.301 -4.71867 0
    endloop
  endfacet
  facet normal 0 0 -1
    outer loop
      vertex 251.622 -4.99305 0
      vertex 252.318 -7.13292 0
      vertex 252.067 -7.20946 0
    endloop
  endfacet
  facet normal 0 0 -1
    outer loop
      vertex 252.81 -6.95388 0
      vertex 251.967 -4.86771 0
      vertex 252.135 -4.79611 0
    endloop
  endfacet
  facet normal 0 0 -1
    outer loop
      vertex 251.447 -5.04662 0
      vertex 252.067 -7.20946 0
      vertex 251.814 -7.27722 0
    endloop
  endfacet
  facet normal 0 0 -1
    outer loop
      vertex 252.565 -7.04769 0
      vertex 251.796 -4.93339 0
      vertex 251.967 -4.86771 0
    endloop
  endfacet
  facet normal 0 0 -1
    outer loop
      vertex 252.318 -7.13292 0
      vertex 251.622 -4.99305 0
      vertex 251.796 -4.93339 0
    endloop
  endfacet
  facet normal 0 0 -1
    outer loop
      vertex 251.27 -5.09405 0
      vertex 251.814 -7.27722 0
      vertex 251.559 -7.33611 0
    endloop
  endfacet
  facet normal 0 0 -1
    outer loop
      vertex 252.067 -7.20946 0
      vertex 251.447 -5.04662 0
      vertex 251.622 -4.99305 0
    endloop
  endfacet
  facet normal 0 0 -1
    outer loop
      vertex 251.092 -5.13527 0
      vertex 251.559 -7.33611 0
      vertex 251.302 -7.38606 0
    endloop
  endfacet
  facet normal 0 0 -1
    outer loop
      vertex 251.814 -7.27722 0
      vertex 251.27 -5.09405 0
      vertex 251.447 -5.04662 0
    endloop
  endfacet
  facet normal 0 0 -1
    outer loop
      vertex 251.559 -7.33611 0
      vertex 251.092 -5.13527 0
      vertex 251.27 -5.09405 0
    endloop
  endfacet
  facet normal 0 0 -1
    outer loop
      vertex 250.912 -5.17024 0
      vertex 251.302 -7.38606 0
      vertex 251.044 -7.42701 0
    endloop
  endfacet
  facet normal 0 0 -1
    outer loop
      vertex 251.302 -7.38606 0
      vertex 250.912 -5.17024 0
      vertex 251.092 -5.13527 0
    endloop
  endfacet
  facet normal 0 0 -1
    outer loop
      vertex 250.731 -5.19891 0
      vertex 251.044 -7.42701 0
      vertex 250.784 -7.45891 0
    endloop
  endfacet
  facet normal 0 0 -1
    outer loop
      vertex 251.044 -7.42701 0
      vertex 250.731 -5.19891 0
      vertex 250.912 -5.17024 0
    endloop
  endfacet
  facet normal 0 0 -1
    outer loop
      vertex 250.784 -7.45891 0
      vertex 250.549 -5.22124 0
      vertex 250.731 -5.19891 0
    endloop
  endfacet
  facet normal 0 0 -1
    outer loop
      vertex 250.523 -7.48173 0
      vertex 250.549 -5.22124 0
      vertex 250.784 -7.45891 0
    endloop
  endfacet
  facet normal 0 0 -1
    outer loop
      vertex 250.523 -7.48173 0
      vertex 250.366 -5.23721 0
      vertex 250.549 -5.22124 0
    endloop
  endfacet
  facet normal 0 0 -1
    outer loop
      vertex 250.262 -7.49543 0
      vertex 250.366 -5.23721 0
      vertex 250.523 -7.48173 0
    endloop
  endfacet
  facet normal 0 0 -1
    outer loop
      vertex 250.262 -7.49543 0
      vertex 250.183 -5.2468 0
      vertex 250.366 -5.23721 0
    endloop
  endfacet
  facet normal 0 0 -1
    outer loop
      vertex 250 -7.5 0
      vertex 250.183 -5.2468 0
      vertex 250.262 -7.49543 0
    endloop
  endfacet
  facet normal 0 0 -1
    outer loop
      vertex 250 -7.5 0
      vertex 250 -5.25 0
      vertex 250.183 -5.2468 0
    endloop
  endfacet
  facet normal 0 0 -1
    outer loop
      vertex 250 -7.5 0
      vertex 249.817 -5.2468 0
      vertex 250 -5.25 0
    endloop
  endfacet
  facet normal 0 0 -1
    outer loop
      vertex 249.738 -7.49543 0
      vertex 249.817 -5.2468 0
      vertex 250 -7.5 0
    endloop
  endfacet
  facet normal 0 0 -1
    outer loop
      vertex 249.738 -7.49543 0
      vertex 249.634 -5.23721 0
      vertex 249.817 -5.2468 0
    endloop
  endfacet
  facet normal 0 0 -1
    outer loop
      vertex 249.477 -7.48173 0
      vertex 249.634 -5.23721 0
      vertex 249.738 -7.49543 0
    endloop
  endfacet
  facet normal 0 0 -1
    outer loop
      vertex 249.477 -7.48173 0
      vertex 249.451 -5.22124 0
      vertex 249.634 -5.23721 0
    endloop
  endfacet
  facet normal 0 0 -1
    outer loop
      vertex 249.216 -7.45891 0
      vertex 249.451 -5.22124 0
      vertex 249.477 -7.48173 0
    endloop
  endfacet
  facet normal -0 0 -1
    outer loop
      vertex 249.451 -5.22124 0
      vertex 249.216 -7.45891 0
      vertex 249.269 -5.19891 0
    endloop
  endfacet
  facet normal 0 0 -1
    outer loop
      vertex 248.956 -7.42701 0
      vertex 249.269 -5.19891 0
      vertex 249.216 -7.45891 0
    endloop
  endfacet
  facet normal -0 0 -1
    outer loop
      vertex 249.269 -5.19891 0
      vertex 248.956 -7.42701 0
      vertex 249.088 -5.17024 0
    endloop
  endfacet
  facet normal 0 0 -1
    outer loop
      vertex 248.698 -7.38606 0
      vertex 249.088 -5.17024 0
      vertex 248.956 -7.42701 0
    endloop
  endfacet
  facet normal -0 0 -1
    outer loop
      vertex 249.088 -5.17024 0
      vertex 248.698 -7.38606 0
      vertex 248.908 -5.13527 0
    endloop
  endfacet
  facet normal 0 0 -1
    outer loop
      vertex 248.441 -7.33611 0
      vertex 248.908 -5.13527 0
      vertex 248.698 -7.38606 0
    endloop
  endfacet
  facet normal -0 0 -1
    outer loop
      vertex 248.908 -5.13527 0
      vertex 248.441 -7.33611 0
      vertex 248.73 -5.09405 0
    endloop
  endfacet
  facet normal 0 0 -1
    outer loop
      vertex 248.186 -7.27722 0
      vertex 248.73 -5.09405 0
      vertex 248.441 -7.33611 0
    endloop
  endfacet
  facet normal -0 0 -1
    outer loop
      vertex 248.73 -5.09405 0
      vertex 248.186 -7.27722 0
      vertex 248.553 -5.04662 0
    endloop
  endfacet
  facet normal 0 0 -1
    outer loop
      vertex 247.933 -7.20946 0
      vertex 248.553 -5.04662 0
      vertex 248.186 -7.27722 0
    endloop
  endfacet
  facet normal -0 0 -1
    outer loop
      vertex 248.553 -5.04662 0
      vertex 247.933 -7.20946 0
      vertex 248.378 -4.99305 0
    endloop
  endfacet
  facet normal 0 0 -1
    outer loop
      vertex 247.682 -7.13292 0
      vertex 248.378 -4.99305 0
      vertex 247.933 -7.20946 0
    endloop
  endfacet
  facet normal -0 0 -1
    outer loop
      vertex 248.378 -4.99305 0
      vertex 247.682 -7.13292 0
      vertex 248.204 -4.93339 0
    endloop
  endfacet
  facet normal 0 0 -1
    outer loop
      vertex 247.435 -7.04769 0
      vertex 248.204 -4.93339 0
      vertex 247.682 -7.13292 0
    endloop
  endfacet
  facet normal -0 0 -1
    outer loop
      vertex 248.204 -4.93339 0
      vertex 247.435 -7.04769 0
      vertex 248.033 -4.86771 0
    endloop
  endfacet
  facet normal 0 0 -1
    outer loop
      vertex 247.19 -6.95388 0
      vertex 248.033 -4.86771 0
      vertex 247.435 -7.04769 0
    endloop
  endfacet
  facet normal -0 0 -1
    outer loop
      vertex 248.033 -4.86771 0
      vertex 247.19 -6.95388 0
      vertex 247.865 -4.79611 0
    endloop
  endfacet
  facet normal 0 0 -1
    outer loop
      vertex 246.949 -6.85159 0
      vertex 247.865 -4.79611 0
      vertex 247.19 -6.95388 0
    endloop
  endfacet
  facet normal -0 0 -1
    outer loop
      vertex 247.865 -4.79611 0
      vertex 246.949 -6.85159 0
      vertex 247.699 -4.71867 0
    endloop
  endfacet
  facet normal 0 0 -1
    outer loop
      vertex 246.712 -6.74095 0
      vertex 247.699 -4.71867 0
      vertex 246.949 -6.85159 0
    endloop
  endfacet
  facet normal -0 0 -1
    outer loop
      vertex 247.699 -4.71867 0
      vertex 246.712 -6.74095 0
      vertex 247.535 -4.63547 0
    endloop
  endfacet
  facet normal 0 0 -1
    outer loop
      vertex 246.479 -6.62211 0
      vertex 247.535 -4.63547 0
      vertex 246.712 -6.74095 0
    endloop
  endfacet
  facet normal -0 0 -1
    outer loop
      vertex 247.535 -4.63547 0
      vertex 246.479 -6.62211 0
      vertex 247.375 -4.54663 0
    endloop
  endfacet
  facet normal 0 0 -1
    outer loop
      vertex 246.25 -6.49519 0
      vertex 247.375 -4.54663 0
      vertex 246.479 -6.62211 0
    endloop
  endfacet
  facet normal -0 0 -1
    outer loop
      vertex 247.375 -4.54663 0
      vertex 246.25 -6.49519 0
      vertex 247.218 -4.45225 0
    endloop
  endfacet
  facet normal 0 0 -1
    outer loop
      vertex 246.026 -6.36036 0
      vertex 247.218 -4.45225 0
      vertex 246.25 -6.49519 0
    endloop
  endfacet
  facet normal -0 0 -1
    outer loop
      vertex 247.218 -4.45225 0
      vertex 246.026 -6.36036 0
      vertex 247.064 -4.35245 0
    endloop
  endfacet
  facet normal 0 0 -1
    outer loop
      vertex 245.806 -6.21778 0
      vertex 247.064 -4.35245 0
      vertex 246.026 -6.36036 0
    endloop
  endfacet
  facet normal -0 0 -1
    outer loop
      vertex 247.064 -4.35245 0
      vertex 245.806 -6.21778 0
      vertex 246.914 -4.24734 0
    endloop
  endfacet
  facet normal 0 0 -1
    outer loop
      vertex 245.592 -6.06763 0
      vertex 246.914 -4.24734 0
      vertex 245.806 -6.21778 0
    endloop
  endfacet
  facet normal -0 0 -1
    outer loop
      vertex 246.914 -4.24734 0
      vertex 245.592 -6.06763 0
      vertex 246.768 -4.13706 0
    endloop
  endfacet
  facet normal 0 0 -1
    outer loop
      vertex 245.383 -5.91008 0
      vertex 246.768 -4.13706 0
      vertex 245.592 -6.06763 0
    endloop
  endfacet
  facet normal -0 0 -1
    outer loop
      vertex 246.768 -4.13706 0
      vertex 245.383 -5.91008 0
      vertex 246.625 -4.02173 0
    endloop
  endfacet
  facet normal 0 0 -1
    outer loop
      vertex 245.179 -5.74533 0
      vertex 246.625 -4.02173 0
      vertex 245.383 -5.91008 0
    endloop
  endfacet
  facet normal -0 0 -1
    outer loop
      vertex 246.625 -4.02173 0
      vertex 245.179 -5.74533 0
      vertex 246.487 -3.90151 0
    endloop
  endfacet
  facet normal 0 0 -1
    outer loop
      vertex 244.982 -5.57359 0
      vertex 246.487 -3.90151 0
      vertex 245.179 -5.74533 0
    endloop
  endfacet
  facet normal -0 0 -1
    outer loop
      vertex 246.487 -3.90151 0
      vertex 244.982 -5.57359 0
      vertex 246.353 -3.77653 0
    endloop
  endfacet
  facet normal 0 0 -1
    outer loop
      vertex 244.79 -5.39505 0
      vertex 246.353 -3.77653 0
      vertex 244.982 -5.57359 0
    endloop
  endfacet
  facet normal -0 0 -1
    outer loop
      vertex 246.353 -3.77653 0
      vertex 244.79 -5.39505 0
      vertex 246.223 -3.64696 0
    endloop
  endfacet
  facet normal 0 0 -1
    outer loop
      vertex 244.605 -5.20994 0
      vertex 246.223 -3.64696 0
      vertex 244.79 -5.39505 0
    endloop
  endfacet
  facet normal -0 0 -1
    outer loop
      vertex 246.223 -3.64696 0
      vertex 244.605 -5.20994 0
      vertex 246.098 -3.51294 0
    endloop
  endfacet
  facet normal 0 0 -1
    outer loop
      vertex 244.426 -5.01848 0
      vertex 246.098 -3.51294 0
      vertex 244.605 -5.20994 0
    endloop
  endfacet
  facet normal -0 0 -1
    outer loop
      vertex 246.098 -3.51294 0
      vertex 244.426 -5.01848 0
      vertex 245.978 -3.37463 0
    endloop
  endfacet
  facet normal 0 0 -1
    outer loop
      vertex 244.255 -4.82091 0
      vertex 245.978 -3.37463 0
      vertex 244.426 -5.01848 0
    endloop
  endfacet
  facet normal -0 0 -1
    outer loop
      vertex 245.978 -3.37463 0
      vertex 244.255 -4.82091 0
      vertex 245.863 -3.23222 0
    endloop
  endfacet
  facet normal 0 0 -1
    outer loop
      vertex 244.09 -4.61746 0
      vertex 245.863 -3.23222 0
      vertex 244.255 -4.82091 0
    endloop
  endfacet
  facet normal -0 0 -1
    outer loop
      vertex 245.863 -3.23222 0
      vertex 244.09 -4.61746 0
      vertex 245.753 -3.08587 0
    endloop
  endfacet
  facet normal 0 0 -1
    outer loop
      vertex 243.932 -4.40839 0
      vertex 245.753 -3.08587 0
      vertex 244.09 -4.61746 0
    endloop
  endfacet
  facet normal -0 0 -1
    outer loop
      vertex 245.753 -3.08587 0
      vertex 243.932 -4.40839 0
      vertex 245.648 -2.93576 0
    endloop
  endfacet
  facet normal 0 0 -1
    outer loop
      vertex 243.782 -4.19395 0
      vertex 245.648 -2.93576 0
      vertex 243.932 -4.40839 0
    endloop
  endfacet
  facet normal -0 0 -1
    outer loop
      vertex 245.648 -2.93576 0
      vertex 243.782 -4.19395 0
      vertex 245.548 -2.78208 0
    endloop
  endfacet
  facet normal 0 0 -1
    outer loop
      vertex 243.64 -3.97439 0
      vertex 245.548 -2.78208 0
      vertex 243.782 -4.19395 0
    endloop
  endfacet
  facet normal -0 0 -1
    outer loop
      vertex 245.548 -2.78208 0
      vertex 243.64 -3.97439 0
      vertex 245.453 -2.625 0
    endloop
  endfacet
  facet normal 0 0 -1
    outer loop
      vertex 243.505 -3.75 0
      vertex 245.453 -2.625 0
      vertex 243.64 -3.97439 0
    endloop
  endfacet
  facet normal -0 0 -1
    outer loop
      vertex 245.453 -2.625 0
      vertex 243.505 -3.75 0
      vertex 245.365 -2.46473 0
    endloop
  endfacet
  facet normal 0 0 -1
    outer loop
      vertex 243.378 -3.52104 0
      vertex 245.365 -2.46473 0
      vertex 243.505 -3.75 0
    endloop
  endfacet
  facet normal -0 0 -1
    outer loop
      vertex 245.365 -2.46473 0
      vertex 243.378 -3.52104 0
      vertex 245.281 -2.30145 0
    endloop
  endfacet
  facet normal 0 0 -1
    outer loop
      vertex 243.259 -3.28778 0
      vertex 245.281 -2.30145 0
      vertex 243.378 -3.52104 0
    endloop
  endfacet
  facet normal -0 0 -1
    outer loop
      vertex 245.281 -2.30145 0
      vertex 243.259 -3.28778 0
      vertex 245.204 -2.13537 0
    endloop
  endfacet
  facet normal 0 0 -1
    outer loop
      vertex 243.148 -3.05052 0
      vertex 245.204 -2.13537 0
      vertex 243.259 -3.28778 0
    endloop
  endfacet
  facet normal -0 0 -1
    outer loop
      vertex 245.204 -2.13537 0
      vertex 243.148 -3.05052 0
      vertex 245.132 -1.96668 0
    endloop
  endfacet
  facet normal 0 0 -1
    outer loop
      vertex 243.046 -2.80955 0
      vertex 245.132 -1.96668 0
      vertex 243.148 -3.05052 0
    endloop
  endfacet
  facet normal -0 0 -1
    outer loop
      vertex 256.954 2.80955 0
      vertex 254.868 1.96668 0
      vertex 256.852 3.05052 0
    endloop
  endfacet
  facet normal 0 0 -1
    outer loop
      vertex 254.796 2.13537 0
      vertex 256.852 3.05052 0
      vertex 254.868 1.96668 0
    endloop
  endfacet
  facet normal -0 0 -1
    outer loop
      vertex 256.852 3.05052 0
      vertex 254.796 2.13537 0
      vertex 256.741 3.28778 0
    endloop
  endfacet
  facet normal 0 0 -1
    outer loop
      vertex 254.719 2.30145 0
      vertex 256.741 3.28778 0
      vertex 254.796 2.13537 0
    endloop
  endfacet
  facet normal -0 0 -1
    outer loop
      vertex 256.741 3.28778 0
      vertex 254.719 2.30145 0
      vertex 256.622 3.52104 0
    endloop
  endfacet
  facet normal 0 0 -1
    outer loop
      vertex 254.635 2.46473 0
      vertex 256.622 3.52104 0
      vertex 254.719 2.30145 0
    endloop
  endfacet
  facet normal -0 0 -1
    outer loop
      vertex 256.622 3.52104 0
      vertex 254.635 2.46473 0
      vertex 256.495 3.75 0
    endloop
  endfacet
  facet normal 0 0 -1
    outer loop
      vertex 254.547 2.625 0
      vertex 256.495 3.75 0
      vertex 254.635 2.46473 0
    endloop
  endfacet
  facet normal -0 0 -1
    outer loop
      vertex 256.495 3.75 0
      vertex 254.547 2.625 0
      vertex 256.36 3.97439 0
    endloop
  endfacet
  facet normal 0 0 -1
    outer loop
      vertex 254.452 2.78208 0
      vertex 256.36 3.97439 0
      vertex 254.547 2.625 0
    endloop
  endfacet
  facet normal -0 0 -1
    outer loop
      vertex 256.36 3.97439 0
      vertex 254.452 2.78208 0
      vertex 256.218 4.19395 0
    endloop
  endfacet
  facet normal 0 0 -1
    outer loop
      vertex 254.352 2.93576 0
      vertex 256.218 4.19395 0
      vertex 254.452 2.78208 0
    endloop
  endfacet
  facet normal -0 0 -1
    outer loop
      vertex 256.218 4.19395 0
      vertex 254.352 2.93576 0
      vertex 256.068 4.40839 0
    endloop
  endfacet
  facet normal 0 0 -1
    outer loop
      vertex 254.247 3.08587 0
      vertex 256.068 4.40839 0
      vertex 254.352 2.93576 0
    endloop
  endfacet
  facet normal -0 0 -1
    outer loop
      vertex 256.068 4.40839 0
      vertex 254.247 3.08587 0
      vertex 255.91 4.61746 0
    endloop
  endfacet
  facet normal 0 0 -1
    outer loop
      vertex 254.137 3.23222 0
      vertex 255.91 4.61746 0
      vertex 254.247 3.08587 0
    endloop
  endfacet
  facet normal -0 0 -1
    outer loop
      vertex 255.91 4.61746 0
      vertex 254.137 3.23222 0
      vertex 255.745 4.82091 0
    endloop
  endfacet
  facet normal 0 0 -1
    outer loop
      vertex 254.022 3.37463 0
      vertex 255.745 4.82091 0
      vertex 254.137 3.23222 0
    endloop
  endfacet
  facet normal -0 0 -1
    outer loop
      vertex 255.745 4.82091 0
      vertex 254.022 3.37463 0
      vertex 255.574 5.01848 0
    endloop
  endfacet
  facet normal 0 0 -1
    outer loop
      vertex 253.902 3.51294 0
      vertex 255.574 5.01848 0
      vertex 254.022 3.37463 0
    endloop
  endfacet
  facet normal -0 0 -1
    outer loop
      vertex 255.574 5.01848 0
      vertex 253.902 3.51294 0
      vertex 255.395 5.20994 0
    endloop
  endfacet
  facet normal 0 0 -1
    outer loop
      vertex 253.777 3.64696 0
      vertex 255.395 5.20994 0
      vertex 253.902 3.51294 0
    endloop
  endfacet
  facet normal -0 0 -1
    outer loop
      vertex 255.395 5.20994 0
      vertex 253.777 3.64696 0
      vertex 255.21 5.39505 0
    endloop
  endfacet
  facet normal 0 0 -1
    outer loop
      vertex 253.647 3.77653 0
      vertex 255.21 5.39505 0
      vertex 253.777 3.64696 0
    endloop
  endfacet
  facet normal -0 0 -1
    outer loop
      vertex 255.21 5.39505 0
      vertex 253.647 3.77653 0
      vertex 255.018 5.57359 0
    endloop
  endfacet
  facet normal 0 0 -1
    outer loop
      vertex 253.513 3.90151 0
      vertex 255.018 5.57359 0
      vertex 253.647 3.77653 0
    endloop
  endfacet
  facet normal -0 0 -1
    outer loop
      vertex 255.018 5.57359 0
      vertex 253.513 3.90151 0
      vertex 254.821 5.74533 0
    endloop
  endfacet
  facet normal 0 0 -1
    outer loop
      vertex 253.375 4.02173 0
      vertex 254.821 5.74533 0
      vertex 253.513 3.90151 0
    endloop
  endfacet
  facet normal -0 0 -1
    outer loop
      vertex 254.821 5.74533 0
      vertex 253.375 4.02173 0
      vertex 254.617 5.91008 0
    endloop
  endfacet
  facet normal 0 0 -1
    outer loop
      vertex 253.232 4.13706 0
      vertex 254.617 5.91008 0
      vertex 253.375 4.02173 0
    endloop
  endfacet
  facet normal -0 0 -1
    outer loop
      vertex 254.617 5.91008 0
      vertex 253.232 4.13706 0
      vertex 254.408 6.06763 0
    endloop
  endfacet
  facet normal 0 0 -1
    outer loop
      vertex 253.086 4.24734 0
      vertex 254.408 6.06763 0
      vertex 253.232 4.13706 0
    endloop
  endfacet
  facet normal -0 0 -1
    outer loop
      vertex 254.408 6.06763 0
      vertex 253.086 4.24734 0
      vertex 254.194 6.21778 0
    endloop
  endfacet
  facet normal 0 0 -1
    outer loop
      vertex 252.936 4.35245 0
      vertex 254.194 6.21778 0
      vertex 253.086 4.24734 0
    endloop
  endfacet
  facet normal -0 0 -1
    outer loop
      vertex 254.194 6.21778 0
      vertex 252.936 4.35245 0
      vertex 253.974 6.36036 0
    endloop
  endfacet
  facet normal 0 0 -1
    outer loop
      vertex 252.782 4.45225 0
      vertex 253.974 6.36036 0
      vertex 252.936 4.35245 0
    endloop
  endfacet
  facet normal -0 0 -1
    outer loop
      vertex 253.974 6.36036 0
      vertex 252.782 4.45225 0
      vertex 253.75 6.49519 0
    endloop
  endfacet
  facet normal 0 0 -1
    outer loop
      vertex 252.625 4.54663 0
      vertex 253.75 6.49519 0
      vertex 252.782 4.45225 0
    endloop
  endfacet
  facet normal -0 0 -1
    outer loop
      vertex 253.75 6.49519 0
      vertex 252.625 4.54663 0
      vertex 253.521 6.62211 0
    endloop
  endfacet
  facet normal 0 0 -1
    outer loop
      vertex 252.465 4.63547 0
      vertex 253.521 6.62211 0
      vertex 252.625 4.54663 0
    endloop
  endfacet
  facet normal -0 0 -1
    outer loop
      vertex 253.521 6.62211 0
      vertex 252.465 4.63547 0
      vertex 253.288 6.74095 0
    endloop
  endfacet
  facet normal 0 0 -1
    outer loop
      vertex 252.301 4.71867 0
      vertex 253.288 6.74095 0
      vertex 252.465 4.63547 0
    endloop
  endfacet
  facet normal -0 0 -1
    outer loop
      vertex 253.288 6.74095 0
      vertex 252.301 4.71867 0
      vertex 253.051 6.85159 0
    endloop
  endfacet
  facet normal 0 0 -1
    outer loop
      vertex 252.135 4.79611 0
      vertex 253.051 6.85159 0
      vertex 252.301 4.71867 0
    endloop
  endfacet
  facet normal -0 0 -1
    outer loop
      vertex 253.051 6.85159 0
      vertex 252.135 4.79611 0
      vertex 252.81 6.95388 0
    endloop
  endfacet
  facet normal 0 0 -1
    outer loop
      vertex 251.967 4.86771 0
      vertex 252.81 6.95388 0
      vertex 252.135 4.79611 0
    endloop
  endfacet
  facet normal -0 0 -1
    outer loop
      vertex 252.81 6.95388 0
      vertex 251.967 4.86771 0
      vertex 252.565 7.04769 0
    endloop
  endfacet
  facet normal 0 0 -1
    outer loop
      vertex 251.796 4.93339 0
      vertex 252.565 7.04769 0
      vertex 251.967 4.86771 0
    endloop
  endfacet
  facet normal -0 0 -1
    outer loop
      vertex 252.565 7.04769 0
      vertex 251.796 4.93339 0
      vertex 252.318 7.13292 0
    endloop
  endfacet
  facet normal 0 0 -1
    outer loop
      vertex 251.622 4.99305 0
      vertex 252.318 7.13292 0
      vertex 251.796 4.93339 0
    endloop
  endfacet
  facet normal -0 0 -1
    outer loop
      vertex 252.318 7.13292 0
      vertex 251.622 4.99305 0
      vertex 252.067 7.20946 0
    endloop
  endfacet
  facet normal 0 0 -1
    outer loop
      vertex 251.447 5.04662 0
      vertex 252.067 7.20946 0
      vertex 251.622 4.99305 0
    endloop
  endfacet
  facet normal -0 0 -1
    outer loop
      vertex 252.067 7.20946 0
      vertex 251.447 5.04662 0
      vertex 251.814 7.27722 0
    endloop
  endfacet
  facet normal 0 0 -1
    outer loop
      vertex 251.27 5.09405 0
      vertex 251.814 7.27722 0
      vertex 251.447 5.04662 0
    endloop
  endfacet
  facet normal -0 0 -1
    outer loop
      vertex 251.814 7.27722 0
      vertex 251.27 5.09405 0
      vertex 251.559 7.33611 0
    endloop
  endfacet
  facet normal 0 0 -1
    outer loop
      vertex 251.092 5.13527 0
      vertex 251.559 7.33611 0
      vertex 251.27 5.09405 0
    endloop
  endfacet
  facet normal -0 0 -1
    outer loop
      vertex 251.559 7.33611 0
      vertex 251.092 5.13527 0
      vertex 251.302 7.38606 0
    endloop
  endfacet
  facet normal 0 0 -1
    outer loop
      vertex 250.912 5.17024 0
      vertex 251.302 7.38606 0
      vertex 251.092 5.13527 0
    endloop
  endfacet
  facet normal -0 0 -1
    outer loop
      vertex 251.302 7.38606 0
      vertex 250.912 5.17024 0
      vertex 251.044 7.42701 0
    endloop
  endfacet
  facet normal 0 0 -1
    outer loop
      vertex 250.731 5.19891 0
      vertex 251.044 7.42701 0
      vertex 250.912 5.17024 0
    endloop
  endfacet
  facet normal -0 0 -1
    outer loop
      vertex 251.044 7.42701 0
      vertex 250.731 5.19891 0
      vertex 250.784 7.45891 0
    endloop
  endfacet
  facet normal 0 0 -1
    outer loop
      vertex 250.549 5.22124 0
      vertex 250.784 7.45891 0
      vertex 250.731 5.19891 0
    endloop
  endfacet
  facet normal 0 0 -1
    outer loop
      vertex 250.549 5.22124 0
      vertex 250.523 7.48173 0
      vertex 250.784 7.45891 0
    endloop
  endfacet
  facet normal 0 0 -1
    outer loop
      vertex 250.366 5.23721 0
      vertex 250.523 7.48173 0
      vertex 250.549 5.22124 0
    endloop
  endfacet
  facet normal 0 0 -1
    outer loop
      vertex 250.366 5.23721 0
      vertex 250.262 7.49543 0
      vertex 250.523 7.48173 0
    endloop
  endfacet
  facet normal 0 0 -1
    outer loop
      vertex 250.183 5.2468 0
      vertex 250.262 7.49543 0
      vertex 250.366 5.23721 0
    endloop
  endfacet
  facet normal 0 0 -1
    outer loop
      vertex 250 5.25 0
      vertex 250.262 7.49543 0
      vertex 250.183 5.2468 0
    endloop
  endfacet
  facet normal 0 0 -1
    outer loop
      vertex 250 5.25 0
      vertex 250 7.5 0
      vertex 250.262 7.49543 0
    endloop
  endfacet
  facet normal 0 0 -1
    outer loop
      vertex 249.817 5.2468 0
      vertex 250 7.5 0
      vertex 250 5.25 0
    endloop
  endfacet
  facet normal 0 0 -1
    outer loop
      vertex 249.817 5.2468 0
      vertex 249.738 7.49543 0
      vertex 250 7.5 0
    endloop
  endfacet
  facet normal 0 0 -1
    outer loop
      vertex 249.634 5.23721 0
      vertex 249.738 7.49543 0
      vertex 249.817 5.2468 0
    endloop
  endfacet
  facet normal 0 0 -1
    outer loop
      vertex 249.634 5.23721 0
      vertex 249.477 7.48173 0
      vertex 249.738 7.49543 0
    endloop
  endfacet
  facet normal 0 0 -1
    outer loop
      vertex 249.451 5.22124 0
      vertex 249.477 7.48173 0
      vertex 249.634 5.23721 0
    endloop
  endfacet
  facet normal 0 0 -1
    outer loop
      vertex 249.216 7.45891 0
      vertex 249.451 5.22124 0
      vertex 249.269 5.19891 0
    endloop
  endfacet
  facet normal 0 0 -1
    outer loop
      vertex 249.451 5.22124 0
      vertex 249.216 7.45891 0
      vertex 249.477 7.48173 0
    endloop
  endfacet
  facet normal 0 0 -1
    outer loop
      vertex 248.956 7.42701 0
      vertex 249.269 5.19891 0
      vertex 249.088 5.17024 0
    endloop
  endfacet
  facet normal 0 0 -1
    outer loop
      vertex 249.269 5.19891 0
      vertex 248.956 7.42701 0
      vertex 249.216 7.45891 0
    endloop
  endfacet
  facet normal 0 0 -1
    outer loop
      vertex 248.698 7.38606 0
      vertex 249.088 5.17024 0
      vertex 248.908 5.13527 0
    endloop
  endfacet
  facet normal 0 0 -1
    outer loop
      vertex 248.441 7.33611 0
      vertex 248.908 5.13527 0
      vertex 248.73 5.09405 0
    endloop
  endfacet
  facet normal 0 0 -1
    outer loop
      vertex 249.088 5.17024 0
      vertex 248.698 7.38606 0
      vertex 248.956 7.42701 0
    endloop
  endfacet
  facet normal 0 0 -1
    outer loop
      vertex 248.186 7.27722 0
      vertex 248.73 5.09405 0
      vertex 248.553 5.04662 0
    endloop
  endfacet
  facet normal 0 0 -1
    outer loop
      vertex 248.908 5.13527 0
      vertex 248.441 7.33611 0
      vertex 248.698 7.38606 0
    endloop
  endfacet
  facet normal 0 0 -1
    outer loop
      vertex 247.933 7.20946 0
      vertex 248.553 5.04662 0
      vertex 248.378 4.99305 0
    endloop
  endfacet
  facet normal 0 0 -1
    outer loop
      vertex 247.682 7.13292 0
      vertex 248.378 4.99305 0
      vertex 248.204 4.93339 0
    endloop
  endfacet
  facet normal 0 0 -1
    outer loop
      vertex 248.73 5.09405 0
      vertex 248.186 7.27722 0
      vertex 248.441 7.33611 0
    endloop
  endfacet
  facet normal 0 0 -1
    outer loop
      vertex 247.435 7.04769 0
      vertex 248.204 4.93339 0
      vertex 248.033 4.86771 0
    endloop
  endfacet
  facet normal 0 0 -1
    outer loop
      vertex 248.553 5.04662 0
      vertex 247.933 7.20946 0
      vertex 248.186 7.27722 0
    endloop
  endfacet
  facet normal 0 0 -1
    outer loop
      vertex 247.19 6.95388 0
      vertex 248.033 4.86771 0
      vertex 247.865 4.79611 0
    endloop
  endfacet
  facet normal 0 0 -1
    outer loop
      vertex 246.949 6.85159 0
      vertex 247.865 4.79611 0
      vertex 247.699 4.71867 0
    endloop
  endfacet
  facet normal 0 0 -1
    outer loop
      vertex 248.378 4.99305 0
      vertex 247.682 7.13292 0
      vertex 247.933 7.20946 0
    endloop
  endfacet
  facet normal 0 0 -1
    outer loop
      vertex 246.712 6.74095 0
      vertex 247.699 4.71867 0
      vertex 247.535 4.63547 0
    endloop
  endfacet
  facet normal 0 0 -1
    outer loop
      vertex 248.204 4.93339 0
      vertex 247.435 7.04769 0
      vertex 247.682 7.13292 0
    endloop
  endfacet
  facet normal 0 0 -1
    outer loop
      vertex 246.479 6.62211 0
      vertex 247.535 4.63547 0
      vertex 247.375 4.54663 0
    endloop
  endfacet
  facet normal 0 0 -1
    outer loop
      vertex 246.25 6.49519 0
      vertex 247.375 4.54663 0
      vertex 247.218 4.45225 0
    endloop
  endfacet
  facet normal 0 0 -1
    outer loop
      vertex 248.033 4.86771 0
      vertex 247.19 6.95388 0
      vertex 247.435 7.04769 0
    endloop
  endfacet
  facet normal 0 0 -1
    outer loop
      vertex 246.026 6.36036 0
      vertex 247.218 4.45225 0
      vertex 247.064 4.35245 0
    endloop
  endfacet
  facet normal 0 0 -1
    outer loop
      vertex 247.865 4.79611 0
      vertex 246.949 6.85159 0
      vertex 247.19 6.95388 0
    endloop
  endfacet
  facet normal 0 0 -1
    outer loop
      vertex 245.806 6.21778 0
      vertex 247.064 4.35245 0
      vertex 246.914 4.24734 0
    endloop
  endfacet
  facet normal 0 0 -1
    outer loop
      vertex 245.592 6.06763 0
      vertex 246.914 4.24734 0
      vertex 246.768 4.13706 0
    endloop
  endfacet
  facet normal 0 0 -1
    outer loop
      vertex 247.699 4.71867 0
      vertex 246.712 6.74095 0
      vertex 246.949 6.85159 0
    endloop
  endfacet
  facet normal 0 0 -1
    outer loop
      vertex 245.383 5.91008 0
      vertex 246.768 4.13706 0
      vertex 246.625 4.02173 0
    endloop
  endfacet
  facet normal 0 0 -1
    outer loop
      vertex 245.179 5.74533 0
      vertex 246.625 4.02173 0
      vertex 246.487 3.90151 0
    endloop
  endfacet
  facet normal 0 0 -1
    outer loop
      vertex 247.535 4.63547 0
      vertex 246.479 6.62211 0
      vertex 246.712 6.74095 0
    endloop
  endfacet
  facet normal 0 0 -1
    outer loop
      vertex 244.982 5.57359 0
      vertex 246.487 3.90151 0
      vertex 246.353 3.77653 0
    endloop
  endfacet
  facet normal 0 0 -1
    outer loop
      vertex 247.375 4.54663 0
      vertex 246.25 6.49519 0
      vertex 246.479 6.62211 0
    endloop
  endfacet
  facet normal 0 0 -1
    outer loop
      vertex 244.79 5.39505 0
      vertex 246.353 3.77653 0
      vertex 246.223 3.64696 0
    endloop
  endfacet
  facet normal 0 0 -1
    outer loop
      vertex 244.605 5.20994 0
      vertex 246.223 3.64696 0
      vertex 246.098 3.51294 0
    endloop
  endfacet
  facet normal 0 0 -1
    outer loop
      vertex 247.218 4.45225 0
      vertex 246.026 6.36036 0
      vertex 246.25 6.49519 0
    endloop
  endfacet
  facet normal 0 0 -1
    outer loop
      vertex 244.426 5.01848 0
      vertex 246.098 3.51294 0
      vertex 245.978 3.37463 0
    endloop
  endfacet
  facet normal 0 0 -1
    outer loop
      vertex 244.255 4.82091 0
      vertex 245.978 3.37463 0
      vertex 245.863 3.23222 0
    endloop
  endfacet
  facet normal 0 0 -1
    outer loop
      vertex 247.064 4.35245 0
      vertex 245.806 6.21778 0
      vertex 246.026 6.36036 0
    endloop
  endfacet
  facet normal 0 0 -1
    outer loop
      vertex 244.09 4.61746 0
      vertex 245.863 3.23222 0
      vertex 245.753 3.08587 0
    endloop
  endfacet
  facet normal 0 0 -1
    outer loop
      vertex 243.932 4.40839 0
      vertex 245.753 3.08587 0
      vertex 245.648 2.93576 0
    endloop
  endfacet
  facet normal 0 0 -1
    outer loop
      vertex 246.914 4.24734 0
      vertex 245.592 6.06763 0
      vertex 245.806 6.21778 0
    endloop
  endfacet
  facet normal 0 0 -1
    outer loop
      vertex 243.782 4.19395 0
      vertex 245.648 2.93576 0
      vertex 245.548 2.78208 0
    endloop
  endfacet
  facet normal 0 0 -1
    outer loop
      vertex 243.64 3.97439 0
      vertex 245.548 2.78208 0
      vertex 245.453 2.625 0
    endloop
  endfacet
  facet normal 0 0 -1
    outer loop
      vertex 246.768 4.13706 0
      vertex 245.383 5.91008 0
      vertex 245.592 6.06763 0
    endloop
  endfacet
  facet normal 0 0 -1
    outer loop
      vertex 243.505 3.75 0
      vertex 245.453 2.625 0
      vertex 245.365 2.46473 0
    endloop
  endfacet
  facet normal 0 0 -1
    outer loop
      vertex 243.378 3.52104 0
      vertex 245.365 2.46473 0
      vertex 245.281 2.30145 0
    endloop
  endfacet
  facet normal 0 0 -1
    outer loop
      vertex 243.259 3.28778 0
      vertex 245.281 2.30145 0
      vertex 245.204 2.13537 0
    endloop
  endfacet
  facet normal 0 0 -1
    outer loop
      vertex 246.625 4.02173 0
      vertex 245.179 5.74533 0
      vertex 245.383 5.91008 0
    endloop
  endfacet
  facet normal 0 0 -1
    outer loop
      vertex 243.148 3.05052 0
      vertex 245.204 2.13537 0
      vertex 245.132 1.96668 0
    endloop
  endfacet
  facet normal 0 0 -1
    outer loop
      vertex 243.046 2.80955 0
      vertex 245.132 1.96668 0
      vertex 245.067 1.79561 0
    endloop
  endfacet
  facet normal 0 0 -1
    outer loop
      vertex 242.952 2.56515 0
      vertex 245.067 1.79561 0
      vertex 245.007 1.62234 0
    endloop
  endfacet
  facet normal 0 0 -1
    outer loop
      vertex 246.487 3.90151 0
      vertex 244.982 5.57359 0
      vertex 245.179 5.74533 0
    endloop
  endfacet
  facet normal 0 0 -1
    outer loop
      vertex 242.867 2.31763 0
      vertex 245.007 1.62234 0
      vertex 244.953 1.4471 0
    endloop
  endfacet
  facet normal 0 0 -1
    outer loop
      vertex 242.791 2.06728 0
      vertex 244.953 1.4471 0
      vertex 244.906 1.27009 0
    endloop
  endfacet
  facet normal 0 0 -1
    outer loop
      vertex 242.697 1.70147 0
      vertex 244.906 1.27009 0
      vertex 244.865 1.09154 0
    endloop
  endfacet
  facet normal 0 0 -1
    outer loop
      vertex 242.697 1.70147 0
      vertex 244.865 1.09154 0
      vertex 244.83 0.911653 0
    endloop
  endfacet
  facet normal 0 0 -1
    outer loop
      vertex 242.697 1.70147 0
      vertex 244.83 0.911653 0
      vertex 244.801 0.730659 0
    endloop
  endfacet
  facet normal 0 0 -1
    outer loop
      vertex 246.353 3.77653 0
      vertex 244.79 5.39505 0
      vertex 244.982 5.57359 0
    endloop
  endfacet
  facet normal 0 0 -1
    outer loop
      vertex 242.697 1.70147 0
      vertex 244.801 0.730659 0
      vertex 244.779 0.548774 0
    endloop
  endfacet
  facet normal 0 0 -1
    outer loop
      vertex 242.697 1.70147 0
      vertex 244.779 0.548774 0
      vertex 244.763 0.366221 0
    endloop
  endfacet
  facet normal 0 0 -1
    outer loop
      vertex 242.697 1.70147 0
      vertex 244.763 0.366221 0
      vertex 244.753 0.183222 0
    endloop
  endfacet
  facet normal 0 0 -1
    outer loop
      vertex 242.697 1.70147 0
      vertex 244.753 0.183222 0
      vertex 244.75 0 0
    endloop
  endfacet
  facet normal -0 0 -1
    outer loop
      vertex 245.132 -1.96668 0
      vertex 243.046 -2.80955 0
      vertex 245.067 -1.79561 0
    endloop
  endfacet
  facet normal 0 0 -1
    outer loop
      vertex 246.223 3.64696 0
      vertex 244.605 5.20994 0
      vertex 244.79 5.39505 0
    endloop
  endfacet
  facet normal 0 0 -1
    outer loop
      vertex 242.952 -2.56515 0
      vertex 245.067 -1.79561 0
      vertex 243.046 -2.80955 0
    endloop
  endfacet
  facet normal 0 0 -1
    outer loop
      vertex 246.098 3.51294 0
      vertex 244.426 5.01848 0
      vertex 244.605 5.20994 0
    endloop
  endfacet
  facet normal -0 0 -1
    outer loop
      vertex 245.067 -1.79561 0
      vertex 242.952 -2.56515 0
      vertex 245.007 -1.62234 0
    endloop
  endfacet
  facet normal 0 0 -1
    outer loop
      vertex 245.978 3.37463 0
      vertex 244.255 4.82091 0
      vertex 244.426 5.01848 0
    endloop
  endfacet
  facet normal 0 0 -1
    outer loop
      vertex 242.867 -2.31763 0
      vertex 245.007 -1.62234 0
      vertex 242.952 -2.56515 0
    endloop
  endfacet
  facet normal 0 0 -1
    outer loop
      vertex 245.863 3.23222 0
      vertex 244.09 4.61746 0
      vertex 244.255 4.82091 0
    endloop
  endfacet
  facet normal -0 0 -1
    outer loop
      vertex 245.007 -1.62234 0
      vertex 242.867 -2.31763 0
      vertex 244.953 -1.4471 0
    endloop
  endfacet
  facet normal 0 0 -1
    outer loop
      vertex 245.753 3.08587 0
      vertex 243.932 4.40839 0
      vertex 244.09 4.61746 0
    endloop
  endfacet
  facet normal 0 0 -1
    outer loop
      vertex 242.791 -2.06728 0
      vertex 244.953 -1.4471 0
      vertex 242.867 -2.31763 0
    endloop
  endfacet
  facet normal 0 0 -1
    outer loop
      vertex 245.648 2.93576 0
      vertex 243.782 4.19395 0
      vertex 243.932 4.40839 0
    endloop
  endfacet
  facet normal -0 0 -1
    outer loop
      vertex 244.953 -1.4471 0
      vertex 242.791 -2.06728 0
      vertex 244.906 -1.27009 0
    endloop
  endfacet
  facet normal 0 0 -1
    outer loop
      vertex 245.548 2.78208 0
      vertex 243.64 3.97439 0
      vertex 243.782 4.19395 0
    endloop
  endfacet
  facet normal 0 0 -1
    outer loop
      vertex 242.723 -1.81441 0
      vertex 244.906 -1.27009 0
      vertex 242.791 -2.06728 0
    endloop
  endfacet
  facet normal 0 0 -1
    outer loop
      vertex 245.453 2.625 0
      vertex 243.505 3.75 0
      vertex 243.64 3.97439 0
    endloop
  endfacet
  facet normal 0 0 -1
    outer loop
      vertex 242.697 -1.70147 0
      vertex 244.906 -1.27009 0
      vertex 242.723 -1.81441 0
    endloop
  endfacet
  facet normal 0 0 -1
    outer loop
      vertex 245.365 2.46473 0
      vertex 243.378 3.52104 0
      vertex 243.505 3.75 0
    endloop
  endfacet
  facet normal -0 0 -1
    outer loop
      vertex 244.906 -1.27009 0
      vertex 242.697 -1.70147 0
      vertex 244.865 -1.09154 0
    endloop
  endfacet
  facet normal 0 0 -1
    outer loop
      vertex 245.281 2.30145 0
      vertex 243.259 3.28778 0
      vertex 243.378 3.52104 0
    endloop
  endfacet
  facet normal -0 0 -1
    outer loop
      vertex 244.865 -1.09154 0
      vertex 242.697 -1.70147 0
      vertex 244.83 -0.911653 0
    endloop
  endfacet
  facet normal 0 0 -1
    outer loop
      vertex 245.204 2.13537 0
      vertex 243.148 3.05052 0
      vertex 243.259 3.28778 0
    endloop
  endfacet
  facet normal -0 0 -1
    outer loop
      vertex 244.83 -0.911653 0
      vertex 242.697 -1.70147 0
      vertex 244.801 -0.730659 0
    endloop
  endfacet
  facet normal 0 0 -1
    outer loop
      vertex 245.132 1.96668 0
      vertex 243.046 2.80955 0
      vertex 243.148 3.05052 0
    endloop
  endfacet
  facet normal -0 0 -1
    outer loop
      vertex 244.801 -0.730659 0
      vertex 242.697 -1.70147 0
      vertex 244.779 -0.548774 0
    endloop
  endfacet
  facet normal 0 0 -1
    outer loop
      vertex 245.067 1.79561 0
      vertex 242.952 2.56515 0
      vertex 243.046 2.80955 0
    endloop
  endfacet
  facet normal -0 0 -1
    outer loop
      vertex 244.779 -0.548774 0
      vertex 242.697 -1.70147 0
      vertex 244.763 -0.366221 0
    endloop
  endfacet
  facet normal 0 0 -1
    outer loop
      vertex 245.007 1.62234 0
      vertex 242.867 2.31763 0
      vertex 242.952 2.56515 0
    endloop
  endfacet
  facet normal -0 0 -1
    outer loop
      vertex 244.763 -0.366221 0
      vertex 242.697 -1.70147 0
      vertex 244.753 -0.183222 0
    endloop
  endfacet
  facet normal 0 0 -1
    outer loop
      vertex 244.953 1.4471 0
      vertex 242.791 2.06728 0
      vertex 242.867 2.31763 0
    endloop
  endfacet
  facet normal -0 0 -1
    outer loop
      vertex 244.753 -0.183222 0
      vertex 242.697 -1.70147 0
      vertex 244.75 0 0
    endloop
  endfacet
  facet normal 0 0 -1
    outer loop
      vertex 242.697 1.70147 0
      vertex 244.75 0 0
      vertex 242.697 -1.70147 0
    endloop
  endfacet
  facet normal 0 0 -1
    outer loop
      vertex 244.906 1.27009 0
      vertex 242.697 1.70147 0
      vertex 242.723 1.81441 0
    endloop
  endfacet
  facet normal 0 0 -1
    outer loop
      vertex 244.906 1.27009 0
      vertex 242.723 1.81441 0
      vertex 242.791 2.06728 0
    endloop
  endfacet
  facet normal 0 0 -1
    outer loop
      vertex 113.939 -5.2534 0
      vertex 242.697 1.70147 0
      vertex 242.697 -1.70147 0
    endloop
  endfacet
  facet normal -0 0 -1
    outer loop
      vertex 242.697 1.70147 0
      vertex 113.939 -5.2534 0
      vertex 103.134 5.55147 0
    endloop
  endfacet
  facet normal 0.0275757 0.99962 -0
    outer loop
      vertex 242.697 1.70147 0
      vertex 104.589 5.51135 1
      vertex 242.697 1.70147 1
    endloop
  endfacet
  facet normal 0.0275756 0.99962 -1.77805e-05
    outer loop
      vertex 104.589 5.51135 1
      vertex 242.697 1.70147 0
      vertex 103.134 5.55147 0
    endloop
  endfacet
  facet normal 0.0275756 -0.99962 1.53718e-06
    outer loop
      vertex 242.697 -1.70147 0
      vertex 115.315 -5.21544 1
      vertex 113.939 -5.2534 0
    endloop
  endfacet
  facet normal 0.0275756 -0.99962 0
    outer loop
      vertex 115.315 -5.21544 1
      vertex 242.697 -1.70147 0
      vertex 242.697 -1.70147 1
    endloop
  endfacet
  facet normal 0.998766 0.0496655 0
    outer loop
      vertex 257.495 0.261745 1
      vertex 257.482 0.523173 0
      vertex 257.482 0.523173 1
    endloop
  endfacet
  facet normal 0.998766 0.0496655 0
    outer loop
      vertex 257.482 0.523173 0
      vertex 257.495 0.261745 1
      vertex 257.495 0.261745 0
    endloop
  endfacet
  facet normal 0.999818 0.0190991 0
    outer loop
      vertex 257.5 0 1
      vertex 257.495 0.261745 0
      vertex 257.495 0.261745 1
    endloop
  endfacet
  facet normal 0.999818 0.0190991 0
    outer loop
      vertex 257.495 0.261745 0
      vertex 257.5 0 1
      vertex 257.5 0 0
    endloop
  endfacet
  facet normal 0.996133 0.0878526 0
    outer loop
      vertex 257.482 0.523173 1
      vertex 257.459 0.783963 0
      vertex 257.459 0.783963 1
    endloop
  endfacet
  facet normal 0.996133 0.0878526 0
    outer loop
      vertex 257.459 0.783963 0
      vertex 257.482 0.523173 1
      vertex 257.482 0.523173 0
    endloop
  endfacet
  facet normal 0.543862 -0.839175 0
    outer loop
      vertex 253.974 -6.36036 0
      vertex 254.194 -6.21778 1
      vertex 253.974 -6.36036 1
    endloop
  endfacet
  facet normal 0.543862 -0.839175 0
    outer loop
      vertex 254.194 -6.21778 1
      vertex 253.974 -6.36036 0
      vertex 254.194 -6.21778 0
    endloop
  endfacet
  facet normal 0.856876 0.515523 0
    outer loop
      vertex 256.495 3.75 1
      vertex 256.36 3.97439 0
      vertex 256.36 3.97439 1
    endloop
  endfacet
  facet normal 0.856876 0.515523 0
    outer loop
      vertex 256.36 3.97439 0
      vertex 256.495 3.75 1
      vertex 256.495 3.75 0
    endloop
  endfacet
  facet normal 0.98766 -0.156614 0
    outer loop
      vertex 257.386 -1.30236 1
      vertex 257.427 -1.0438 0
      vertex 257.427 -1.0438 1
    endloop
  endfacet
  facet normal 0.98766 -0.156614 0
    outer loop
      vertex 257.427 -1.0438 0
      vertex 257.386 -1.30236 1
      vertex 257.386 -1.30236 0
    endloop
  endfacet
  facet normal 0.390704 0.920516 -0
    outer loop
      vertex 253.051 6.85159 0
      vertex 252.81 6.95388 1
      vertex 253.051 6.85159 1
    endloop
  endfacet
  facet normal 0.390704 0.920516 0
    outer loop
      vertex 252.81 6.95388 1
      vertex 253.051 6.85159 0
      vertex 252.81 6.95388 0
    endloop
  endfacet
  facet normal 0.992502 0.122231 0
    outer loop
      vertex 257.459 0.783963 1
      vertex 257.427 1.0438 0
      vertex 257.427 1.0438 1
    endloop
  endfacet
  facet normal 0.992502 0.122231 0
    outer loop
      vertex 257.427 1.0438 0
      vertex 257.459 0.783963 1
      vertex 257.459 0.783963 0
    endloop
  endfacet
  facet normal 0.75612 0.654434 0
    outer loop
      vertex 255.745 4.82091 1
      vertex 255.574 5.01848 0
      vertex 255.574 5.01848 1
    endloop
  endfacet
  facet normal 0.75612 0.654434 0
    outer loop
      vertex 255.574 5.01848 0
      vertex 255.745 4.82091 1
      vertex 255.745 4.82091 0
    endloop
  endfacet
  facet normal 0.981593 0.190986 0
    outer loop
      vertex 257.386 1.30236 1
      vertex 257.336 1.55934 0
      vertex 257.336 1.55934 1
    endloop
  endfacet
  facet normal 0.981593 0.190986 0
    outer loop
      vertex 257.336 1.55934 0
      vertex 257.386 1.30236 1
      vertex 257.386 1.30236 0
    endloop
  endfacet
  facet normal 0.797801 -0.602921 0
    outer loop
      vertex 255.91 -4.61746 1
      vertex 256.068 -4.40839 0
      vertex 256.068 -4.40839 1
    endloop
  endfacet
  facet normal 0.797801 -0.602921 0
    outer loop
      vertex 256.068 -4.40839 0
      vertex 255.91 -4.61746 1
      vertex 255.91 -4.61746 0
    endloop
  endfacet
  facet normal -0.326188 0.945305 0
    outer loop
      vertex 247.682 7.13292 0
      vertex 247.435 7.04769 1
      vertex 247.682 7.13292 1
    endloop
  endfacet
  facet normal -0.326188 0.945305 0
    outer loop
      vertex 247.435 7.04769 1
      vertex 247.682 7.13292 0
      vertex 247.435 7.04769 0
    endloop
  endfacet
  facet normal -0.730476 -0.682938 0
    outer loop
      vertex 244.605 -5.20994 0
      vertex 244.426 -5.01848 1
      vertex 244.426 -5.01848 0
    endloop
  endfacet
  facet normal -0.730476 -0.682938 0
    outer loop
      vertex 244.426 -5.01848 1
      vertex 244.605 -5.20994 0
      vertex 244.605 -5.20994 1
    endloop
  endfacet
  facet normal -0.905775 0.423759 0
    outer loop
      vertex 243.148 3.05052 0
      vertex 243.259 3.28778 1
      vertex 243.259 3.28778 0
    endloop
  endfacet
  facet normal -0.905775 0.423759 0
    outer loop
      vertex 243.259 3.28778 1
      vertex 243.148 3.05052 0
      vertex 243.148 3.05052 1
    endloop
  endfacet
  facet normal 0.933346 0.358979 0
    outer loop
      vertex 257.048 2.56515 1
      vertex 256.954 2.80955 0
      vertex 256.954 2.80955 1
    endloop
  endfacet
  facet normal 0.933346 0.358979 0
    outer loop
      vertex 256.954 2.80955 0
      vertex 257.048 2.56515 1
      vertex 257.048 2.56515 0
    endloop
  endfacet
  facet normal 0.981593 -0.190986 0
    outer loop
      vertex 257.336 -1.55934 1
      vertex 257.386 -1.30236 0
      vertex 257.386 -1.30236 1
    endloop
  endfacet
  facet normal 0.981593 -0.190986 0
    outer loop
      vertex 257.386 -1.30236 0
      vertex 257.336 -1.55934 1
      vertex 257.336 -1.55934 0
    endloop
  endfacet
  facet normal -0.454356 0.89082 0
    outer loop
      vertex 246.712 6.74095 0
      vertex 246.479 6.62211 1
      vertex 246.712 6.74095 1
    endloop
  endfacet
  facet normal -0.454356 0.89082 0
    outer loop
      vertex 246.479 6.62211 1
      vertex 246.712 6.74095 0
      vertex 246.479 6.62211 0
    endloop
  endfacet
  facet normal -0.707317 0.706897 0
    outer loop
      vertex 244.79 5.39505 0
      vertex 244.605 5.20994 1
      vertex 244.79 5.39505 1
    endloop
  endfacet
  facet normal -0.707317 0.706897 0
    outer loop
      vertex 244.605 5.20994 1
      vertex 244.79 5.39505 0
      vertex 244.605 5.20994 0
    endloop
  endfacet
  facet normal 0.974276 -0.225359 0
    outer loop
      vertex 257.277 -1.81441 1
      vertex 257.336 -1.55934 0
      vertex 257.336 -1.55934 1
    endloop
  endfacet
  facet normal 0.974276 -0.225359 0
    outer loop
      vertex 257.336 -1.55934 0
      vertex 257.277 -1.81441 1
      vertex 257.277 -1.81441 0
    endloop
  endfacet
  facet normal -0.0524183 0.998625 0
    outer loop
      vertex 249.738 7.49543 0
      vertex 249.477 7.48173 1
      vertex 249.738 7.49543 1
    endloop
  endfacet
  facet normal -0.0524183 0.998625 0
    outer loop
      vertex 249.477 7.48173 1
      vertex 249.738 7.49543 0
      vertex 249.477 7.48173 0
    endloop
  endfacet
  facet normal -0.357581 0.933882 0
    outer loop
      vertex 247.435 7.04769 0
      vertex 247.19 6.95388 1
      vertex 247.435 7.04769 1
    endloop
  endfacet
  facet normal -0.357581 0.933882 0
    outer loop
      vertex 247.19 6.95388 1
      vertex 247.435 7.04769 0
      vertex 247.19 6.95388 0
    endloop
  endfacet
  facet normal 0.29168 0.956516 -0
    outer loop
      vertex 252.318 7.13292 0
      vertex 252.067 7.20946 1
      vertex 252.318 7.13292 1
    endloop
  endfacet
  facet normal 0.29168 0.956516 0
    outer loop
      vertex 252.067 7.20946 1
      vertex 252.318 7.13292 0
      vertex 252.067 7.20946 0
    endloop
  endfacet
  facet normal 0.992502 -0.122231 0
    outer loop
      vertex 257.427 -1.0438 1
      vertex 257.459 -0.783963 0
      vertex 257.459 -0.783963 1
    endloop
  endfacet
  facet normal 0.992502 -0.122231 0
    outer loop
      vertex 257.459 -0.783963 0
      vertex 257.427 -1.0438 1
      vertex 257.427 -1.0438 0
    endloop
  endfacet
  facet normal 0.890778 -0.454439 0
    outer loop
      vertex 256.622 -3.52104 1
      vertex 256.741 -3.28778 0
      vertex 256.741 -3.28778 1
    endloop
  endfacet
  facet normal 0.890778 -0.454439 0
    outer loop
      vertex 256.741 -3.28778 0
      vertex 256.622 -3.52104 1
      vertex 256.622 -3.52104 0
    endloop
  endfacet
  facet normal 0.357581 0.933882 -0
    outer loop
      vertex 252.81 6.95388 0
      vertex 252.565 7.04769 1
      vertex 252.81 6.95388 1
    endloop
  endfacet
  facet normal 0.357581 0.933882 0
    outer loop
      vertex 252.565 7.04769 1
      vertex 252.81 6.95388 0
      vertex 252.565 7.04769 0
    endloop
  endfacet
  facet normal 0.730476 -0.682938 0
    outer loop
      vertex 255.395 -5.20994 1
      vertex 255.574 -5.01848 0
      vertex 255.574 -5.01848 1
    endloop
  endfacet
  facet normal 0.730476 -0.682938 0
    outer loop
      vertex 255.574 -5.01848 0
      vertex 255.395 -5.20994 1
      vertex 255.395 -5.20994 0
    endloop
  endfacet
  facet normal 0.98766 0.156614 0
    outer loop
      vertex 257.427 1.0438 1
      vertex 257.386 1.30236 0
      vertex 257.386 1.30236 1
    endloop
  endfacet
  facet normal 0.98766 0.156614 0
    outer loop
      vertex 257.386 1.30236 0
      vertex 257.427 1.0438 1
      vertex 257.427 1.0438 0
    endloop
  endfacet
  facet normal -0.29168 -0.956516 0
    outer loop
      vertex 247.682 -7.13292 0
      vertex 247.933 -7.20946 1
      vertex 247.682 -7.13292 1
    endloop
  endfacet
  facet normal -0.29168 -0.956516 -0
    outer loop
      vertex 247.933 -7.20946 1
      vertex 247.682 -7.13292 0
      vertex 247.933 -7.20946 0
    endloop
  endfacet
  facet normal 0.707317 0.706897 -0
    outer loop
      vertex 255.395 5.20994 0
      vertex 255.21 5.39505 1
      vertex 255.395 5.20994 1
    endloop
  endfacet
  facet normal 0.707317 0.706897 0
    outer loop
      vertex 255.21 5.39505 1
      vertex 255.395 5.20994 0
      vertex 255.21 5.39505 0
    endloop
  endfacet
  facet normal -0.657127 -0.75378 0
    outer loop
      vertex 244.982 -5.57359 0
      vertex 245.179 -5.74533 1
      vertex 244.982 -5.57359 1
    endloop
  endfacet
  facet normal -0.657127 -0.75378 -0
    outer loop
      vertex 245.179 -5.74533 1
      vertex 244.982 -5.57359 0
      vertex 245.179 -5.74533 0
    endloop
  endfacet
  facet normal -0.97451 0.224343 0
    outer loop
      vertex 242.697 1.70147 0
      vertex 242.723 1.81441 1
      vertex 242.723 1.81441 0
    endloop
  endfacet
  facet normal -0.97451 0.224343 0
    outer loop
      vertex 242.723 1.81441 1
      vertex 242.697 1.70147 0
      vertex 242.697 1.70147 1
    endloop
  endfacet
  facet normal 0.121779 0.992557 -0
    outer loop
      vertex 251.044 7.42701 0
      vertex 250.784 7.45891 1
      vertex 251.044 7.42701 1
    endloop
  endfacet
  facet normal 0.121779 0.992557 0
    outer loop
      vertex 250.784 7.45891 1
      vertex 251.044 7.42701 0
      vertex 250.784 7.45891 0
    endloop
  endfacet
  facet normal 0.77668 0.629895 0
    outer loop
      vertex 255.91 4.61746 1
      vertex 255.745 4.82091 0
      vertex 255.745 4.82091 1
    endloop
  endfacet
  facet normal 0.77668 0.629895 0
    outer loop
      vertex 255.745 4.82091 0
      vertex 255.91 4.61746 1
      vertex 255.91 4.61746 0
    endloop
  endfacet
  facet normal 0.0174401 0.999848 -0
    outer loop
      vertex 250.262 7.49543 0
      vertex 250 7.5 1
      vertex 250.262 7.49543 1
    endloop
  endfacet
  facet normal 0.0174401 0.999848 0
    outer loop
      vertex 250 7.5 1
      vertex 250.262 7.49543 0
      vertex 250 7.5 0
    endloop
  endfacet
  facet normal -0.515705 0.856766 0
    outer loop
      vertex 246.25 6.49519 0
      vertex 246.026 6.36036 1
      vertex 246.25 6.49519 1
    endloop
  endfacet
  facet normal -0.515705 0.856766 0
    outer loop
      vertex 246.026 6.36036 1
      vertex 246.25 6.49519 0
      vertex 246.026 6.36036 0
    endloop
  endfacet
  facet normal -0.484761 -0.874647 0
    outer loop
      vertex 246.25 -6.49519 0
      vertex 246.479 -6.62211 1
      vertex 246.25 -6.49519 1
    endloop
  endfacet
  facet normal -0.484761 -0.874647 -0
    outer loop
      vertex 246.479 -6.62211 1
      vertex 246.25 -6.49519 0
      vertex 246.479 -6.62211 0
    endloop
  endfacet
  facet normal -0.874481 -0.485059 0
    outer loop
      vertex 243.505 -3.75 0
      vertex 243.378 -3.52104 1
      vertex 243.378 -3.52104 0
    endloop
  endfacet
  facet normal -0.874481 -0.485059 0
    outer loop
      vertex 243.378 -3.52104 1
      vertex 243.505 -3.75 0
      vertex 243.505 -3.75 1
    endloop
  endfacet
  facet normal -0.423011 0.906125 0
    outer loop
      vertex 246.949 6.85159 0
      vertex 246.712 6.74095 1
      vertex 246.949 6.85159 1
    endloop
  endfacet
  facet normal -0.423011 0.906125 0
    outer loop
      vertex 246.712 6.74095 1
      vertex 246.949 6.85159 0
      vertex 246.712 6.74095 0
    endloop
  endfacet
  facet normal -0.190788 -0.981631 0
    outer loop
      vertex 248.441 -7.33611 0
      vertex 248.698 -7.38606 1
      vertex 248.441 -7.33611 1
    endloop
  endfacet
  facet normal -0.190788 -0.981631 -0
    outer loop
      vertex 248.698 -7.38606 1
      vertex 248.441 -7.33611 0
      vertex 248.698 -7.38606 0
    endloop
  endfacet
  facet normal 0.819426 -0.573185 0
    outer loop
      vertex 256.068 -4.40839 1
      vertex 256.218 -4.19395 0
      vertex 256.218 -4.19395 1
    endloop
  endfacet
  facet normal 0.819426 -0.573185 0
    outer loop
      vertex 256.218 -4.19395 0
      vertex 256.068 -4.40839 1
      vertex 256.068 -4.40839 0
    endloop
  endfacet
  facet normal 0.543862 0.839175 -0
    outer loop
      vertex 254.194 6.21778 0
      vertex 253.974 6.36036 1
      vertex 254.194 6.21778 1
    endloop
  endfacet
  facet normal 0.543862 0.839175 0
    outer loop
      vertex 253.974 6.36036 1
      vertex 254.194 6.21778 0
      vertex 253.974 6.36036 0
    endloop
  endfacet
  facet normal 0.998766 -0.0496655 0
    outer loop
      vertex 257.482 -0.523173 1
      vertex 257.495 -0.261745 0
      vertex 257.495 -0.261745 1
    endloop
  endfacet
  facet normal 0.998766 -0.0496655 0
    outer loop
      vertex 257.495 -0.261745 0
      vertex 257.482 -0.523173 1
      vertex 257.482 -0.523173 0
    endloop
  endfacet
  facet normal 0.601954 -0.79853 0
    outer loop
      vertex 254.408 -6.06763 0
      vertex 254.617 -5.91008 1
      vertex 254.408 -6.06763 1
    endloop
  endfacet
  facet normal 0.601954 -0.79853 0
    outer loop
      vertex 254.617 -5.91008 1
      vertex 254.408 -6.06763 0
      vertex 254.617 -5.91008 0
    endloop
  endfacet
  facet normal -0.0524183 -0.998625 0
    outer loop
      vertex 249.477 -7.48173 0
      vertex 249.738 -7.49543 1
      vertex 249.477 -7.48173 1
    endloop
  endfacet
  facet normal -0.0524183 -0.998625 -0
    outer loop
      vertex 249.738 -7.49543 1
      vertex 249.477 -7.48173 0
      vertex 249.738 -7.49543 0
    endloop
  endfacet
  facet normal -0.574361 0.818602 0
    outer loop
      vertex 245.806 6.21778 0
      vertex 245.592 6.06763 1
      vertex 245.806 6.21778 1
    endloop
  endfacet
  facet normal -0.574361 0.818602 0
    outer loop
      vertex 245.592 6.06763 1
      vertex 245.806 6.21778 0
      vertex 245.592 6.06763 0
    endloop
  endfacet
  facet normal -0.258708 0.965956 0
    outer loop
      vertex 248.186 7.27722 0
      vertex 247.933 7.20946 1
      vertex 248.186 7.27722 1
    endloop
  endfacet
  facet normal -0.258708 0.965956 0
    outer loop
      vertex 247.933 7.20946 1
      vertex 248.186 7.27722 0
      vertex 247.933 7.20946 0
    endloop
  endfacet
  facet normal 0.999818 -0.0190991 0
    outer loop
      vertex 257.495 -0.261745 1
      vertex 257.5 0 0
      vertex 257.5 0 1
    endloop
  endfacet
  facet normal 0.999818 -0.0190991 0
    outer loop
      vertex 257.5 0 0
      vertex 257.495 -0.261745 1
      vertex 257.495 -0.261745 0
    endloop
  endfacet
  facet normal -0.945786 0.324789 0
    outer loop
      vertex 242.867 2.31763 0
      vertex 242.952 2.56515 1
      vertex 242.952 2.56515 0
    endloop
  endfacet
  facet normal -0.945786 0.324789 0
    outer loop
      vertex 242.952 2.56515 1
      vertex 242.867 2.31763 0
      vertex 242.867 2.31763 1
    endloop
  endfacet
  facet normal 0.190788 -0.981631 0
    outer loop
      vertex 251.302 -7.38606 0
      vertex 251.559 -7.33611 1
      vertex 251.302 -7.38606 1
    endloop
  endfacet
  facet normal 0.190788 -0.981631 0
    outer loop
      vertex 251.559 -7.33611 1
      vertex 251.302 -7.38606 0
      vertex 251.559 -7.33611 0
    endloop
  endfacet
  facet normal 0.77668 -0.629895 0
    outer loop
      vertex 255.745 -4.82091 1
      vertex 255.91 -4.61746 0
      vertex 255.91 -4.61746 1
    endloop
  endfacet
  facet normal 0.77668 -0.629895 0
    outer loop
      vertex 255.91 -4.61746 0
      vertex 255.745 -4.82091 1
      vertex 255.745 -4.82091 0
    endloop
  endfacet
  facet normal -0.856876 -0.515523 0
    outer loop
      vertex 243.64 -3.97439 0
      vertex 243.505 -3.75 1
      vertex 243.505 -3.75 0
    endloop
  endfacet
  facet normal -0.856876 -0.515523 0
    outer loop
      vertex 243.505 -3.75 1
      vertex 243.64 -3.97439 0
      vertex 243.64 -3.97439 1
    endloop
  endfacet
  facet normal 0.819426 0.573185 0
    outer loop
      vertex 256.218 4.19395 1
      vertex 256.068 4.40839 0
      vertex 256.068 4.40839 1
    endloop
  endfacet
  facet normal 0.819426 0.573185 0
    outer loop
      vertex 256.068 4.40839 0
      vertex 256.218 4.19395 1
      vertex 256.218 4.19395 0
    endloop
  endfacet
  facet normal 0.707317 -0.706897 0
    outer loop
      vertex 255.21 -5.39505 0
      vertex 255.395 -5.20994 1
      vertex 255.21 -5.39505 1
    endloop
  endfacet
  facet normal 0.707317 -0.706897 0
    outer loop
      vertex 255.395 -5.20994 1
      vertex 255.21 -5.39505 0
      vertex 255.395 -5.20994 0
    endloop
  endfacet
  facet normal 0.258708 -0.965956 0
    outer loop
      vertex 251.814 -7.27722 0
      vertex 252.067 -7.20946 1
      vertex 251.814 -7.27722 1
    endloop
  endfacet
  facet normal 0.258708 -0.965956 0
    outer loop
      vertex 252.067 -7.20946 1
      vertex 251.814 -7.27722 0
      vertex 252.067 -7.20946 0
    endloop
  endfacet
  facet normal 0.326188 -0.945305 0
    outer loop
      vertex 252.318 -7.13292 0
      vertex 252.565 -7.04769 1
      vertex 252.318 -7.13292 1
    endloop
  endfacet
  facet normal 0.326188 -0.945305 0
    outer loop
      vertex 252.565 -7.04769 1
      vertex 252.318 -7.13292 0
      vertex 252.565 -7.04769 0
    endloop
  endfacet
  facet normal 0.945786 0.324789 0
    outer loop
      vertex 257.133 2.31763 1
      vertex 257.048 2.56515 0
      vertex 257.048 2.56515 1
    endloop
  endfacet
  facet normal 0.945786 0.324789 0
    outer loop
      vertex 257.048 2.56515 0
      vertex 257.133 2.31763 1
      vertex 257.133 2.31763 0
    endloop
  endfacet
  facet normal 0.996133 -0.0878526 0
    outer loop
      vertex 257.459 -0.783963 1
      vertex 257.482 -0.523173 0
      vertex 257.482 -0.523173 1
    endloop
  endfacet
  facet normal 0.996133 -0.0878526 0
    outer loop
      vertex 257.482 -0.523173 0
      vertex 257.459 -0.783963 1
      vertex 257.459 -0.783963 0
    endloop
  endfacet
  facet normal 0.190788 0.981631 -0
    outer loop
      vertex 251.559 7.33611 0
      vertex 251.302 7.38606 1
      vertex 251.559 7.33611 1
    endloop
  endfacet
  facet normal 0.190788 0.981631 0
    outer loop
      vertex 251.302 7.38606 1
      vertex 251.559 7.33611 0
      vertex 251.302 7.38606 0
    endloop
  endfacet
  facet normal 0.839689 -0.543067 0
    outer loop
      vertex 256.218 -4.19395 1
      vertex 256.36 -3.97439 0
      vertex 256.36 -3.97439 1
    endloop
  endfacet
  facet normal 0.839689 -0.543067 0
    outer loop
      vertex 256.36 -3.97439 0
      vertex 256.218 -4.19395 1
      vertex 256.218 -4.19395 0
    endloop
  endfacet
  facet normal 0.874481 0.485059 0
    outer loop
      vertex 256.622 3.52104 1
      vertex 256.495 3.75 0
      vertex 256.495 3.75 1
    endloop
  endfacet
  facet normal 0.874481 0.485059 0
    outer loop
      vertex 256.495 3.75 0
      vertex 256.622 3.52104 1
      vertex 256.622 3.52104 0
    endloop
  endfacet
  facet normal 0.905775 0.423759 0
    outer loop
      vertex 256.852 3.05052 1
      vertex 256.741 3.28778 0
      vertex 256.741 3.28778 1
    endloop
  endfacet
  facet normal 0.905775 0.423759 0
    outer loop
      vertex 256.741 3.28778 0
      vertex 256.852 3.05052 1
      vertex 256.852 3.05052 0
    endloop
  endfacet
  facet normal 0.965693 0.259687 0
    outer loop
      vertex 257.277 1.81441 1
      vertex 257.209 2.06728 0
      vertex 257.209 2.06728 1
    endloop
  endfacet
  facet normal 0.965693 0.259687 0
    outer loop
      vertex 257.209 2.06728 0
      vertex 257.277 1.81441 1
      vertex 257.277 1.81441 0
    endloop
  endfacet
  facet normal -0.454356 -0.89082 0
    outer loop
      vertex 246.479 -6.62211 0
      vertex 246.712 -6.74095 1
      vertex 246.479 -6.62211 1
    endloop
  endfacet
  facet normal -0.454356 -0.89082 -0
    outer loop
      vertex 246.712 -6.74095 1
      vertex 246.479 -6.62211 0
      vertex 246.712 -6.74095 0
    endloop
  endfacet
  facet normal 0.0871007 -0.9962 0
    outer loop
      vertex 250.523 -7.48173 0
      vertex 250.784 -7.45891 1
      vertex 250.523 -7.48173 1
    endloop
  endfacet
  facet normal 0.0871007 -0.9962 0
    outer loop
      vertex 250.784 -7.45891 1
      vertex 250.523 -7.48173 0
      vertex 250.784 -7.45891 0
    endloop
  endfacet
  facet normal -0.97451 -0.224343 0
    outer loop
      vertex 242.723 -1.81441 0
      vertex 242.697 -1.70147 1
      vertex 242.697 -1.70147 0
    endloop
  endfacet
  facet normal -0.97451 -0.224343 0
    outer loop
      vertex 242.697 -1.70147 1
      vertex 242.723 -1.81441 0
      vertex 242.723 -1.81441 1
    endloop
  endfacet
  facet normal -0.0174401 0.999848 0
    outer loop
      vertex 250 7.5 0
      vertex 249.738 7.49543 1
      vertex 250 7.5 1
    endloop
  endfacet
  facet normal -0.0174401 0.999848 0
    outer loop
      vertex 249.738 7.49543 1
      vertex 250 7.5 0
      vertex 249.738 7.49543 0
    endloop
  endfacet
  facet normal 0.657127 0.75378 -0
    outer loop
      vertex 255.018 5.57359 0
      vertex 254.821 5.74533 1
      vertex 255.018 5.57359 1
    endloop
  endfacet
  facet normal 0.657127 0.75378 0
    outer loop
      vertex 254.821 5.74533 1
      vertex 255.018 5.57359 0
      vertex 254.821 5.74533 0
    endloop
  endfacet
  facet normal 0.390704 -0.920516 0
    outer loop
      vertex 252.81 -6.95388 0
      vertex 253.051 -6.85159 1
      vertex 252.81 -6.95388 1
    endloop
  endfacet
  facet normal 0.390704 -0.920516 0
    outer loop
      vertex 253.051 -6.85159 1
      vertex 252.81 -6.95388 0
      vertex 253.051 -6.85159 0
    endloop
  endfacet
  facet normal -0.601954 -0.79853 0
    outer loop
      vertex 245.383 -5.91008 0
      vertex 245.592 -6.06763 1
      vertex 245.383 -5.91008 1
    endloop
  endfacet
  facet normal -0.601954 -0.79853 -0
    outer loop
      vertex 245.592 -6.06763 1
      vertex 245.383 -5.91008 0
      vertex 245.592 -6.06763 0
    endloop
  endfacet
  facet normal 0.156759 0.987637 -0
    outer loop
      vertex 251.302 7.38606 0
      vertex 251.044 7.42701 1
      vertex 251.302 7.38606 1
    endloop
  endfacet
  facet normal 0.156759 0.987637 0
    outer loop
      vertex 251.044 7.42701 1
      vertex 251.302 7.38606 0
      vertex 251.044 7.42701 0
    endloop
  endfacet
  facet normal 0.454356 0.89082 -0
    outer loop
      vertex 253.521 6.62211 0
      vertex 253.288 6.74095 1
      vertex 253.521 6.62211 1
    endloop
  endfacet
  facet normal 0.454356 0.89082 0
    outer loop
      vertex 253.288 6.74095 1
      vertex 253.521 6.62211 0
      vertex 253.288 6.74095 0
    endloop
  endfacet
  facet normal -0.920897 0.389806 0
    outer loop
      vertex 243.046 2.80955 0
      vertex 243.148 3.05052 1
      vertex 243.148 3.05052 0
    endloop
  endfacet
  facet normal -0.920897 0.389806 0
    outer loop
      vertex 243.148 3.05052 1
      vertex 243.046 2.80955 0
      vertex 243.046 2.80955 1
    endloop
  endfacet
  facet normal 0.95688 0.290485 0
    outer loop
      vertex 257.209 2.06728 1
      vertex 257.133 2.31763 0
      vertex 257.133 2.31763 1
    endloop
  endfacet
  facet normal 0.95688 0.290485 0
    outer loop
      vertex 257.133 2.31763 0
      vertex 257.209 2.06728 1
      vertex 257.209 2.06728 0
    endloop
  endfacet
  facet normal 0.515705 0.856766 -0
    outer loop
      vertex 253.974 6.36036 0
      vertex 253.75 6.49519 1
      vertex 253.974 6.36036 1
    endloop
  endfacet
  facet normal 0.515705 0.856766 0
    outer loop
      vertex 253.75 6.49519 1
      vertex 253.974 6.36036 0
      vertex 253.75 6.49519 0
    endloop
  endfacet
  facet normal 0.920897 -0.389806 0
    outer loop
      vertex 256.852 -3.05052 1
      vertex 256.954 -2.80955 0
      vertex 256.954 -2.80955 1
    endloop
  endfacet
  facet normal 0.920897 -0.389806 0
    outer loop
      vertex 256.954 -2.80955 0
      vertex 256.852 -3.05052 1
      vertex 256.852 -3.05052 0
    endloop
  endfacet
  facet normal -0.890778 -0.454439 0
    outer loop
      vertex 243.378 -3.52104 0
      vertex 243.259 -3.28778 1
      vertex 243.259 -3.28778 0
    endloop
  endfacet
  facet normal -0.890778 -0.454439 0
    outer loop
      vertex 243.259 -3.28778 1
      vertex 243.378 -3.52104 0
      vertex 243.378 -3.52104 1
    endloop
  endfacet
  facet normal 0.0524183 -0.998625 0
    outer loop
      vertex 250.262 -7.49543 0
      vertex 250.523 -7.48173 1
      vertex 250.262 -7.49543 1
    endloop
  endfacet
  facet normal 0.0524183 -0.998625 0
    outer loop
      vertex 250.523 -7.48173 1
      vertex 250.262 -7.49543 0
      vertex 250.523 -7.48173 0
    endloop
  endfacet
  facet normal -0.797801 0.602921 0
    outer loop
      vertex 243.932 4.40839 0
      vertex 244.09 4.61746 1
      vertex 244.09 4.61746 0
    endloop
  endfacet
  facet normal -0.797801 0.602921 0
    outer loop
      vertex 244.09 4.61746 1
      vertex 243.932 4.40839 0
      vertex 243.932 4.40839 1
    endloop
  endfacet
  facet normal -0.156759 0.987637 0
    outer loop
      vertex 248.956 7.42701 0
      vertex 248.698 7.38606 1
      vertex 248.956 7.42701 1
    endloop
  endfacet
  facet normal -0.156759 0.987637 0
    outer loop
      vertex 248.698 7.38606 1
      vertex 248.956 7.42701 0
      vertex 248.698 7.38606 0
    endloop
  endfacet
  facet normal 0.680972 -0.73231 0
    outer loop
      vertex 255.018 -5.57359 0
      vertex 255.21 -5.39505 1
      vertex 255.018 -5.57359 1
    endloop
  endfacet
  facet normal 0.680972 -0.73231 0
    outer loop
      vertex 255.21 -5.39505 1
      vertex 255.018 -5.57359 0
      vertex 255.21 -5.39505 0
    endloop
  endfacet
  facet normal -0.920897 -0.389806 0
    outer loop
      vertex 243.148 -3.05052 0
      vertex 243.046 -2.80955 1
      vertex 243.046 -2.80955 0
    endloop
  endfacet
  facet normal -0.920897 -0.389806 0
    outer loop
      vertex 243.046 -2.80955 1
      vertex 243.148 -3.05052 0
      vertex 243.148 -3.05052 1
    endloop
  endfacet
  facet normal 0.0871007 0.9962 -0
    outer loop
      vertex 250.784 7.45891 0
      vertex 250.523 7.48173 1
      vertex 250.784 7.45891 1
    endloop
  endfacet
  facet normal 0.0871007 0.9962 0
    outer loop
      vertex 250.523 7.48173 1
      vertex 250.784 7.45891 0
      vertex 250.523 7.48173 0
    endloop
  endfacet
  facet normal -0.628293 -0.777977 0
    outer loop
      vertex 245.179 -5.74533 0
      vertex 245.383 -5.91008 1
      vertex 245.179 -5.74533 1
    endloop
  endfacet
  facet normal -0.628293 -0.777977 -0
    outer loop
      vertex 245.383 -5.91008 1
      vertex 245.179 -5.74533 0
      vertex 245.383 -5.91008 0
    endloop
  endfacet
  facet normal 0.965693 -0.259687 0
    outer loop
      vertex 257.209 -2.06728 1
      vertex 257.277 -1.81441 0
      vertex 257.277 -1.81441 1
    endloop
  endfacet
  facet normal 0.965693 -0.259687 0
    outer loop
      vertex 257.277 -1.81441 0
      vertex 257.209 -2.06728 1
      vertex 257.209 -2.06728 0
    endloop
  endfacet
  facet normal -0.390704 0.920516 0
    outer loop
      vertex 247.19 6.95388 0
      vertex 246.949 6.85159 1
      vertex 247.19 6.95388 1
    endloop
  endfacet
  facet normal -0.390704 0.920516 0
    outer loop
      vertex 246.949 6.85159 1
      vertex 247.19 6.95388 0
      vertex 246.949 6.85159 0
    endloop
  endfacet
  facet normal -0.75612 0.654434 0
    outer loop
      vertex 244.255 4.82091 0
      vertex 244.426 5.01848 1
      vertex 244.426 5.01848 0
    endloop
  endfacet
  facet normal -0.75612 0.654434 0
    outer loop
      vertex 244.426 5.01848 1
      vertex 244.255 4.82091 0
      vertex 244.255 4.82091 1
    endloop
  endfacet
  facet normal -0.121779 0.992557 0
    outer loop
      vertex 249.216 7.45891 0
      vertex 248.956 7.42701 1
      vertex 249.216 7.45891 1
    endloop
  endfacet
  facet normal -0.121779 0.992557 0
    outer loop
      vertex 248.956 7.42701 1
      vertex 249.216 7.45891 0
      vertex 248.956 7.42701 0
    endloop
  endfacet
  facet normal -0.77668 -0.629895 0
    outer loop
      vertex 244.255 -4.82091 0
      vertex 244.09 -4.61746 1
      vertex 244.09 -4.61746 0
    endloop
  endfacet
  facet normal -0.77668 -0.629895 0
    outer loop
      vertex 244.09 -4.61746 1
      vertex 244.255 -4.82091 0
      vertex 244.255 -4.82091 1
    endloop
  endfacet
  facet normal 0.75612 -0.654434 0
    outer loop
      vertex 255.574 -5.01848 1
      vertex 255.745 -4.82091 0
      vertex 255.745 -4.82091 1
    endloop
  endfacet
  facet normal 0.75612 -0.654434 0
    outer loop
      vertex 255.745 -4.82091 0
      vertex 255.574 -5.01848 1
      vertex 255.574 -5.01848 0
    endloop
  endfacet
  facet normal -0.121779 -0.992557 0
    outer loop
      vertex 248.956 -7.42701 0
      vertex 249.216 -7.45891 1
      vertex 248.956 -7.42701 1
    endloop
  endfacet
  facet normal -0.121779 -0.992557 -0
    outer loop
      vertex 249.216 -7.45891 1
      vertex 248.956 -7.42701 0
      vertex 249.216 -7.45891 0
    endloop
  endfacet
  facet normal -0.156759 -0.987637 0
    outer loop
      vertex 248.698 -7.38606 0
      vertex 248.956 -7.42701 1
      vertex 248.698 -7.38606 1
    endloop
  endfacet
  facet normal -0.156759 -0.987637 -0
    outer loop
      vertex 248.956 -7.42701 1
      vertex 248.698 -7.38606 0
      vertex 248.956 -7.42701 0
    endloop
  endfacet
  facet normal -0.75612 -0.654434 0
    outer loop
      vertex 244.426 -5.01848 0
      vertex 244.255 -4.82091 1
      vertex 244.255 -4.82091 0
    endloop
  endfacet
  facet normal -0.75612 -0.654434 0
    outer loop
      vertex 244.255 -4.82091 1
      vertex 244.426 -5.01848 0
      vertex 244.426 -5.01848 1
    endloop
  endfacet
  facet normal 0.0174401 -0.999848 0
    outer loop
      vertex 250 -7.5 0
      vertex 250.262 -7.49543 1
      vertex 250 -7.5 1
    endloop
  endfacet
  facet normal 0.0174401 -0.999848 0
    outer loop
      vertex 250.262 -7.49543 1
      vertex 250 -7.5 0
      vertex 250.262 -7.49543 0
    endloop
  endfacet
  facet normal 0.423011 0.906125 -0
    outer loop
      vertex 253.288 6.74095 0
      vertex 253.051 6.85159 1
      vertex 253.288 6.74095 1
    endloop
  endfacet
  facet normal 0.423011 0.906125 0
    outer loop
      vertex 253.051 6.85159 1
      vertex 253.288 6.74095 0
      vertex 253.051 6.85159 0
    endloop
  endfacet
  facet normal 0.974276 0.225359 0
    outer loop
      vertex 257.336 1.55934 1
      vertex 257.277 1.81441 0
      vertex 257.277 1.81441 1
    endloop
  endfacet
  facet normal 0.974276 0.225359 0
    outer loop
      vertex 257.277 1.81441 0
      vertex 257.336 1.55934 1
      vertex 257.336 1.55934 0
    endloop
  endfacet
  facet normal 0.258708 0.965956 -0
    outer loop
      vertex 252.067 7.20946 0
      vertex 251.814 7.27722 1
      vertex 252.067 7.20946 1
    endloop
  endfacet
  facet normal 0.258708 0.965956 0
    outer loop
      vertex 251.814 7.27722 1
      vertex 252.067 7.20946 0
      vertex 251.814 7.27722 0
    endloop
  endfacet
  facet normal 0.423011 -0.906125 0
    outer loop
      vertex 253.051 -6.85159 0
      vertex 253.288 -6.74095 1
      vertex 253.051 -6.85159 1
    endloop
  endfacet
  facet normal 0.423011 -0.906125 0
    outer loop
      vertex 253.288 -6.74095 1
      vertex 253.051 -6.85159 0
      vertex 253.288 -6.74095 0
    endloop
  endfacet
  facet normal 0.574361 0.818602 -0
    outer loop
      vertex 254.408 6.06763 0
      vertex 254.194 6.21778 1
      vertex 254.408 6.06763 1
    endloop
  endfacet
  facet normal 0.574361 0.818602 0
    outer loop
      vertex 254.194 6.21778 1
      vertex 254.408 6.06763 0
      vertex 254.194 6.21778 0
    endloop
  endfacet
  facet normal 0.839689 0.543067 0
    outer loop
      vertex 256.36 3.97439 1
      vertex 256.218 4.19395 0
      vertex 256.218 4.19395 1
    endloop
  endfacet
  facet normal 0.839689 0.543067 0
    outer loop
      vertex 256.218 4.19395 0
      vertex 256.36 3.97439 1
      vertex 256.36 3.97439 0
    endloop
  endfacet
  facet normal 0.574361 -0.818602 0
    outer loop
      vertex 254.194 -6.21778 0
      vertex 254.408 -6.06763 1
      vertex 254.194 -6.21778 1
    endloop
  endfacet
  facet normal 0.574361 -0.818602 0
    outer loop
      vertex 254.408 -6.06763 1
      vertex 254.194 -6.21778 0
      vertex 254.408 -6.06763 0
    endloop
  endfacet
  facet normal 0.905775 -0.423759 0
    outer loop
      vertex 256.741 -3.28778 1
      vertex 256.852 -3.05052 0
      vertex 256.852 -3.05052 1
    endloop
  endfacet
  facet normal 0.905775 -0.423759 0
    outer loop
      vertex 256.852 -3.05052 0
      vertex 256.741 -3.28778 1
      vertex 256.741 -3.28778 0
    endloop
  endfacet
  facet normal -0.965693 0.259687 0
    outer loop
      vertex 242.723 1.81441 0
      vertex 242.791 2.06728 1
      vertex 242.791 2.06728 0
    endloop
  endfacet
  facet normal -0.965693 0.259687 0
    outer loop
      vertex 242.791 2.06728 1
      vertex 242.723 1.81441 0
      vertex 242.723 1.81441 1
    endloop
  endfacet
  facet normal 0.484761 0.874647 -0
    outer loop
      vertex 253.75 6.49519 0
      vertex 253.521 6.62211 1
      vertex 253.75 6.49519 1
    endloop
  endfacet
  facet normal 0.484761 0.874647 0
    outer loop
      vertex 253.521 6.62211 1
      vertex 253.75 6.49519 0
      vertex 253.521 6.62211 0
    endloop
  endfacet
  facet normal 0.797801 0.602921 0
    outer loop
      vertex 256.068 4.40839 1
      vertex 255.91 4.61746 0
      vertex 255.91 4.61746 1
    endloop
  endfacet
  facet normal 0.797801 0.602921 0
    outer loop
      vertex 255.91 4.61746 0
      vertex 256.068 4.40839 1
      vertex 256.068 4.40839 0
    endloop
  endfacet
  facet normal 0.357581 -0.933882 0
    outer loop
      vertex 252.565 -7.04769 0
      vertex 252.81 -6.95388 1
      vertex 252.565 -7.04769 1
    endloop
  endfacet
  facet normal 0.357581 -0.933882 0
    outer loop
      vertex 252.81 -6.95388 1
      vertex 252.565 -7.04769 0
      vertex 252.81 -6.95388 0
    endloop
  endfacet
  facet normal -0.797801 -0.602921 0
    outer loop
      vertex 244.09 -4.61746 0
      vertex 243.932 -4.40839 1
      vertex 243.932 -4.40839 0
    endloop
  endfacet
  facet normal -0.797801 -0.602921 0
    outer loop
      vertex 243.932 -4.40839 1
      vertex 244.09 -4.61746 0
      vertex 244.09 -4.61746 1
    endloop
  endfacet
  facet normal 0.890778 0.454439 0
    outer loop
      vertex 256.741 3.28778 1
      vertex 256.622 3.52104 0
      vertex 256.622 3.52104 1
    endloop
  endfacet
  facet normal 0.890778 0.454439 0
    outer loop
      vertex 256.622 3.52104 0
      vertex 256.741 3.28778 1
      vertex 256.741 3.28778 0
    endloop
  endfacet
  facet normal 0.156759 -0.987637 0
    outer loop
      vertex 251.044 -7.42701 0
      vertex 251.302 -7.38606 1
      vertex 251.044 -7.42701 1
    endloop
  endfacet
  facet normal 0.156759 -0.987637 0
    outer loop
      vertex 251.302 -7.38606 1
      vertex 251.044 -7.42701 0
      vertex 251.302 -7.38606 0
    endloop
  endfacet
  facet normal -0.933346 -0.358979 0
    outer loop
      vertex 243.046 -2.80955 0
      vertex 242.952 -2.56515 1
      vertex 242.952 -2.56515 0
    endloop
  endfacet
  facet normal -0.933346 -0.358979 0
    outer loop
      vertex 242.952 -2.56515 1
      vertex 243.046 -2.80955 0
      vertex 243.046 -2.80955 1
    endloop
  endfacet
  facet normal 0.920897 0.389806 0
    outer loop
      vertex 256.954 2.80955 1
      vertex 256.852 3.05052 0
      vertex 256.852 3.05052 1
    endloop
  endfacet
  facet normal 0.920897 0.389806 0
    outer loop
      vertex 256.852 3.05052 0
      vertex 256.954 2.80955 1
      vertex 256.954 2.80955 0
    endloop
  endfacet
  facet normal 0.95688 -0.290485 0
    outer loop
      vertex 257.133 -2.31763 1
      vertex 257.209 -2.06728 0
      vertex 257.209 -2.06728 1
    endloop
  endfacet
  facet normal 0.95688 -0.290485 0
    outer loop
      vertex 257.209 -2.06728 0
      vertex 257.133 -2.31763 1
      vertex 257.133 -2.31763 0
    endloop
  endfacet
  facet normal 0.484761 -0.874647 0
    outer loop
      vertex 253.521 -6.62211 0
      vertex 253.75 -6.49519 1
      vertex 253.521 -6.62211 1
    endloop
  endfacet
  facet normal 0.484761 -0.874647 0
    outer loop
      vertex 253.75 -6.49519 1
      vertex 253.521 -6.62211 0
      vertex 253.75 -6.49519 0
    endloop
  endfacet
  facet normal 0.225019 0.974354 -0
    outer loop
      vertex 251.814 7.27722 0
      vertex 251.559 7.33611 1
      vertex 251.814 7.27722 1
    endloop
  endfacet
  facet normal 0.225019 0.974354 0
    outer loop
      vertex 251.559 7.33611 1
      vertex 251.814 7.27722 0
      vertex 251.559 7.33611 0
    endloop
  endfacet
  facet normal 0.225019 -0.974354 0
    outer loop
      vertex 251.559 -7.33611 0
      vertex 251.814 -7.27722 1
      vertex 251.559 -7.33611 1
    endloop
  endfacet
  facet normal 0.225019 -0.974354 0
    outer loop
      vertex 251.814 -7.27722 1
      vertex 251.559 -7.33611 0
      vertex 251.814 -7.27722 0
    endloop
  endfacet
  facet normal 0.628293 0.777977 -0
    outer loop
      vertex 254.821 5.74533 0
      vertex 254.617 5.91008 1
      vertex 254.821 5.74533 1
    endloop
  endfacet
  facet normal 0.628293 0.777977 0
    outer loop
      vertex 254.617 5.91008 1
      vertex 254.821 5.74533 0
      vertex 254.617 5.91008 0
    endloop
  endfacet
  facet normal -0.574361 -0.818602 0
    outer loop
      vertex 245.592 -6.06763 0
      vertex 245.806 -6.21778 1
      vertex 245.592 -6.06763 1
    endloop
  endfacet
  facet normal -0.574361 -0.818602 -0
    outer loop
      vertex 245.806 -6.21778 1
      vertex 245.592 -6.06763 0
      vertex 245.806 -6.21778 0
    endloop
  endfacet
  facet normal 0.657127 -0.75378 0
    outer loop
      vertex 254.821 -5.74533 0
      vertex 255.018 -5.57359 1
      vertex 254.821 -5.74533 1
    endloop
  endfacet
  facet normal 0.657127 -0.75378 0
    outer loop
      vertex 255.018 -5.57359 1
      vertex 254.821 -5.74533 0
      vertex 255.018 -5.57359 0
    endloop
  endfacet
  facet normal -0.225019 0.974354 0
    outer loop
      vertex 248.441 7.33611 0
      vertex 248.186 7.27722 1
      vertex 248.441 7.33611 1
    endloop
  endfacet
  facet normal -0.225019 0.974354 0
    outer loop
      vertex 248.186 7.27722 1
      vertex 248.441 7.33611 0
      vertex 248.186 7.27722 0
    endloop
  endfacet
  facet normal 0.121779 -0.992557 0
    outer loop
      vertex 250.784 -7.45891 0
      vertex 251.044 -7.42701 1
      vertex 250.784 -7.45891 1
    endloop
  endfacet
  facet normal 0.121779 -0.992557 0
    outer loop
      vertex 251.044 -7.42701 1
      vertex 250.784 -7.45891 0
      vertex 251.044 -7.42701 0
    endloop
  endfacet
  facet normal -0.707317 -0.706897 0
    outer loop
      vertex 244.605 -5.20994 0
      vertex 244.79 -5.39505 1
      vertex 244.605 -5.20994 1
    endloop
  endfacet
  facet normal -0.707317 -0.706897 -0
    outer loop
      vertex 244.79 -5.39505 1
      vertex 244.605 -5.20994 0
      vertex 244.79 -5.39505 0
    endloop
  endfacet
  facet normal -0.657127 0.75378 0
    outer loop
      vertex 245.179 5.74533 0
      vertex 244.982 5.57359 1
      vertex 245.179 5.74533 1
    endloop
  endfacet
  facet normal -0.657127 0.75378 0
    outer loop
      vertex 244.982 5.57359 1
      vertex 245.179 5.74533 0
      vertex 244.982 5.57359 0
    endloop
  endfacet
  facet normal 0.874481 -0.485059 0
    outer loop
      vertex 256.495 -3.75 1
      vertex 256.622 -3.52104 0
      vertex 256.622 -3.52104 1
    endloop
  endfacet
  facet normal 0.874481 -0.485059 0
    outer loop
      vertex 256.622 -3.52104 0
      vertex 256.495 -3.75 1
      vertex 256.495 -3.75 0
    endloop
  endfacet
  facet normal 0.29168 -0.956516 0
    outer loop
      vertex 252.067 -7.20946 0
      vertex 252.318 -7.13292 1
      vertex 252.067 -7.20946 1
    endloop
  endfacet
  facet normal 0.29168 -0.956516 0
    outer loop
      vertex 252.318 -7.13292 1
      vertex 252.067 -7.20946 0
      vertex 252.318 -7.13292 0
    endloop
  endfacet
  facet normal 0.945786 -0.324789 0
    outer loop
      vertex 257.048 -2.56515 1
      vertex 257.133 -2.31763 0
      vertex 257.133 -2.31763 1
    endloop
  endfacet
  facet normal 0.945786 -0.324789 0
    outer loop
      vertex 257.133 -2.31763 0
      vertex 257.048 -2.56515 1
      vertex 257.048 -2.56515 0
    endloop
  endfacet
  facet normal -0.225019 -0.974354 0
    outer loop
      vertex 248.186 -7.27722 0
      vertex 248.441 -7.33611 1
      vertex 248.186 -7.27722 1
    endloop
  endfacet
  facet normal -0.225019 -0.974354 -0
    outer loop
      vertex 248.441 -7.33611 1
      vertex 248.186 -7.27722 0
      vertex 248.441 -7.33611 0
    endloop
  endfacet
  facet normal -0.730476 0.682938 0
    outer loop
      vertex 244.426 5.01848 0
      vertex 244.605 5.20994 1
      vertex 244.605 5.20994 0
    endloop
  endfacet
  facet normal -0.730476 0.682938 0
    outer loop
      vertex 244.605 5.20994 1
      vertex 244.426 5.01848 0
      vertex 244.426 5.01848 1
    endloop
  endfacet
  facet normal -0.601954 0.79853 0
    outer loop
      vertex 245.592 6.06763 0
      vertex 245.383 5.91008 1
      vertex 245.592 6.06763 1
    endloop
  endfacet
  facet normal -0.601954 0.79853 0
    outer loop
      vertex 245.383 5.91008 1
      vertex 245.592 6.06763 0
      vertex 245.383 5.91008 0
    endloop
  endfacet
  facet normal 0.730476 0.682938 0
    outer loop
      vertex 255.574 5.01848 1
      vertex 255.395 5.20994 0
      vertex 255.395 5.20994 1
    endloop
  endfacet
  facet normal 0.730476 0.682938 0
    outer loop
      vertex 255.395 5.20994 0
      vertex 255.574 5.01848 1
      vertex 255.574 5.01848 0
    endloop
  endfacet
  facet normal -0.390704 -0.920516 0
    outer loop
      vertex 246.949 -6.85159 0
      vertex 247.19 -6.95388 1
      vertex 246.949 -6.85159 1
    endloop
  endfacet
  facet normal -0.390704 -0.920516 -0
    outer loop
      vertex 247.19 -6.95388 1
      vertex 246.949 -6.85159 0
      vertex 247.19 -6.95388 0
    endloop
  endfacet
  facet normal 0.601954 0.79853 -0
    outer loop
      vertex 254.617 5.91008 0
      vertex 254.408 6.06763 1
      vertex 254.617 5.91008 1
    endloop
  endfacet
  facet normal 0.601954 0.79853 0
    outer loop
      vertex 254.408 6.06763 1
      vertex 254.617 5.91008 0
      vertex 254.408 6.06763 0
    endloop
  endfacet
  facet normal 0.680972 0.73231 -0
    outer loop
      vertex 255.21 5.39505 0
      vertex 255.018 5.57359 1
      vertex 255.21 5.39505 1
    endloop
  endfacet
  facet normal 0.680972 0.73231 0
    outer loop
      vertex 255.018 5.57359 1
      vertex 255.21 5.39505 0
      vertex 255.018 5.57359 0
    endloop
  endfacet
  facet normal -0.190788 0.981631 0
    outer loop
      vertex 248.698 7.38606 0
      vertex 248.441 7.33611 1
      vertex 248.698 7.38606 1
    endloop
  endfacet
  facet normal -0.190788 0.981631 0
    outer loop
      vertex 248.441 7.33611 1
      vertex 248.698 7.38606 0
      vertex 248.441 7.33611 0
    endloop
  endfacet
  facet normal -0.680972 0.73231 0
    outer loop
      vertex 244.982 5.57359 0
      vertex 244.79 5.39505 1
      vertex 244.982 5.57359 1
    endloop
  endfacet
  facet normal -0.680972 0.73231 0
    outer loop
      vertex 244.79 5.39505 1
      vertex 244.982 5.57359 0
      vertex 244.79 5.39505 0
    endloop
  endfacet
  facet normal -0.95688 0.290485 0
    outer loop
      vertex 242.791 2.06728 0
      vertex 242.867 2.31763 1
      vertex 242.867 2.31763 0
    endloop
  endfacet
  facet normal -0.95688 0.290485 0
    outer loop
      vertex 242.867 2.31763 1
      vertex 242.791 2.06728 0
      vertex 242.791 2.06728 1
    endloop
  endfacet
  facet normal -0.543862 -0.839175 0
    outer loop
      vertex 245.806 -6.21778 0
      vertex 246.026 -6.36036 1
      vertex 245.806 -6.21778 1
    endloop
  endfacet
  facet normal -0.543862 -0.839175 -0
    outer loop
      vertex 246.026 -6.36036 1
      vertex 245.806 -6.21778 0
      vertex 246.026 -6.36036 0
    endloop
  endfacet
  facet normal -0.0871007 0.9962 0
    outer loop
      vertex 249.477 7.48173 0
      vertex 249.216 7.45891 1
      vertex 249.477 7.48173 1
    endloop
  endfacet
  facet normal -0.0871007 0.9962 0
    outer loop
      vertex 249.216 7.45891 1
      vertex 249.477 7.48173 0
      vertex 249.216 7.45891 0
    endloop
  endfacet
  facet normal -0.819426 0.573185 0
    outer loop
      vertex 243.782 4.19395 0
      vertex 243.932 4.40839 1
      vertex 243.932 4.40839 0
    endloop
  endfacet
  facet normal -0.819426 0.573185 0
    outer loop
      vertex 243.932 4.40839 1
      vertex 243.782 4.19395 0
      vertex 243.782 4.19395 1
    endloop
  endfacet
  facet normal -0.945786 -0.324789 0
    outer loop
      vertex 242.952 -2.56515 0
      vertex 242.867 -2.31763 1
      vertex 242.867 -2.31763 0
    endloop
  endfacet
  facet normal -0.945786 -0.324789 0
    outer loop
      vertex 242.867 -2.31763 1
      vertex 242.952 -2.56515 0
      vertex 242.952 -2.56515 1
    endloop
  endfacet
  facet normal -0.484761 0.874647 0
    outer loop
      vertex 246.479 6.62211 0
      vertex 246.25 6.49519 1
      vertex 246.479 6.62211 1
    endloop
  endfacet
  facet normal -0.484761 0.874647 0
    outer loop
      vertex 246.25 6.49519 1
      vertex 246.479 6.62211 0
      vertex 246.25 6.49519 0
    endloop
  endfacet
  facet normal 0.933346 -0.358979 0
    outer loop
      vertex 256.954 -2.80955 1
      vertex 257.048 -2.56515 0
      vertex 257.048 -2.56515 1
    endloop
  endfacet
  facet normal 0.933346 -0.358979 0
    outer loop
      vertex 257.048 -2.56515 0
      vertex 256.954 -2.80955 1
      vertex 256.954 -2.80955 0
    endloop
  endfacet
  facet normal 0.515705 -0.856766 0
    outer loop
      vertex 253.75 -6.49519 0
      vertex 253.974 -6.36036 1
      vertex 253.75 -6.49519 1
    endloop
  endfacet
  facet normal 0.515705 -0.856766 0
    outer loop
      vertex 253.974 -6.36036 1
      vertex 253.75 -6.49519 0
      vertex 253.974 -6.36036 0
    endloop
  endfacet
  facet normal -0.357581 -0.933882 0
    outer loop
      vertex 247.19 -6.95388 0
      vertex 247.435 -7.04769 1
      vertex 247.19 -6.95388 1
    endloop
  endfacet
  facet normal -0.357581 -0.933882 -0
    outer loop
      vertex 247.435 -7.04769 1
      vertex 247.19 -6.95388 0
      vertex 247.435 -7.04769 0
    endloop
  endfacet
  facet normal -0.543862 0.839175 0
    outer loop
      vertex 246.026 6.36036 0
      vertex 245.806 6.21778 1
      vertex 246.026 6.36036 1
    endloop
  endfacet
  facet normal -0.543862 0.839175 0
    outer loop
      vertex 245.806 6.21778 1
      vertex 246.026 6.36036 0
      vertex 245.806 6.21778 0
    endloop
  endfacet
  facet normal -0.839689 0.543067 0
    outer loop
      vertex 243.64 3.97439 0
      vertex 243.782 4.19395 1
      vertex 243.782 4.19395 0
    endloop
  endfacet
  facet normal -0.839689 0.543067 0
    outer loop
      vertex 243.782 4.19395 1
      vertex 243.64 3.97439 0
      vertex 243.64 3.97439 1
    endloop
  endfacet
  facet normal 0.0524183 0.998625 -0
    outer loop
      vertex 250.523 7.48173 0
      vertex 250.262 7.49543 1
      vertex 250.523 7.48173 1
    endloop
  endfacet
  facet normal 0.0524183 0.998625 0
    outer loop
      vertex 250.262 7.49543 1
      vertex 250.523 7.48173 0
      vertex 250.262 7.49543 0
    endloop
  endfacet
  facet normal 0.628293 -0.777977 0
    outer loop
      vertex 254.617 -5.91008 0
      vertex 254.821 -5.74533 1
      vertex 254.617 -5.91008 1
    endloop
  endfacet
  facet normal 0.628293 -0.777977 0
    outer loop
      vertex 254.821 -5.74533 1
      vertex 254.617 -5.91008 0
      vertex 254.821 -5.74533 0
    endloop
  endfacet
  facet normal -0.326188 -0.945305 0
    outer loop
      vertex 247.435 -7.04769 0
      vertex 247.682 -7.13292 1
      vertex 247.435 -7.04769 1
    endloop
  endfacet
  facet normal -0.326188 -0.945305 -0
    outer loop
      vertex 247.682 -7.13292 1
      vertex 247.435 -7.04769 0
      vertex 247.682 -7.13292 0
    endloop
  endfacet
  facet normal 0.454356 -0.89082 0
    outer loop
      vertex 253.288 -6.74095 0
      vertex 253.521 -6.62211 1
      vertex 253.288 -6.74095 1
    endloop
  endfacet
  facet normal 0.454356 -0.89082 0
    outer loop
      vertex 253.521 -6.62211 1
      vertex 253.288 -6.74095 0
      vertex 253.521 -6.62211 0
    endloop
  endfacet
  facet normal -0.839689 -0.543067 0
    outer loop
      vertex 243.782 -4.19395 0
      vertex 243.64 -3.97439 1
      vertex 243.64 -3.97439 0
    endloop
  endfacet
  facet normal -0.839689 -0.543067 0
    outer loop
      vertex 243.64 -3.97439 1
      vertex 243.782 -4.19395 0
      vertex 243.782 -4.19395 1
    endloop
  endfacet
  facet normal -0.856876 0.515523 0
    outer loop
      vertex 243.505 3.75 0
      vertex 243.64 3.97439 1
      vertex 243.64 3.97439 0
    endloop
  endfacet
  facet normal -0.856876 0.515523 0
    outer loop
      vertex 243.64 3.97439 1
      vertex 243.505 3.75 0
      vertex 243.505 3.75 1
    endloop
  endfacet
  facet normal -0.905775 -0.423759 0
    outer loop
      vertex 243.259 -3.28778 0
      vertex 243.148 -3.05052 1
      vertex 243.148 -3.05052 0
    endloop
  endfacet
  facet normal -0.905775 -0.423759 0
    outer loop
      vertex 243.148 -3.05052 1
      vertex 243.259 -3.28778 0
      vertex 243.259 -3.28778 1
    endloop
  endfacet
  facet normal -0.819426 -0.573185 0
    outer loop
      vertex 243.932 -4.40839 0
      vertex 243.782 -4.19395 1
      vertex 243.782 -4.19395 0
    endloop
  endfacet
  facet normal -0.819426 -0.573185 0
    outer loop
      vertex 243.782 -4.19395 1
      vertex 243.932 -4.40839 0
      vertex 243.932 -4.40839 1
    endloop
  endfacet
  facet normal -0.0871007 -0.9962 0
    outer loop
      vertex 249.216 -7.45891 0
      vertex 249.477 -7.48173 1
      vertex 249.216 -7.45891 1
    endloop
  endfacet
  facet normal -0.0871007 -0.9962 -0
    outer loop
      vertex 249.477 -7.48173 1
      vertex 249.216 -7.45891 0
      vertex 249.477 -7.48173 0
    endloop
  endfacet
  facet normal 0.856876 -0.515523 0
    outer loop
      vertex 256.36 -3.97439 1
      vertex 256.495 -3.75 0
      vertex 256.495 -3.75 1
    endloop
  endfacet
  facet normal 0.856876 -0.515523 0
    outer loop
      vertex 256.495 -3.75 0
      vertex 256.36 -3.97439 1
      vertex 256.36 -3.97439 0
    endloop
  endfacet
  facet normal -0.258708 -0.965956 0
    outer loop
      vertex 247.933 -7.20946 0
      vertex 248.186 -7.27722 1
      vertex 247.933 -7.20946 1
    endloop
  endfacet
  facet normal -0.258708 -0.965956 -0
    outer loop
      vertex 248.186 -7.27722 1
      vertex 247.933 -7.20946 0
      vertex 248.186 -7.27722 0
    endloop
  endfacet
  facet normal -0.874481 0.485059 0
    outer loop
      vertex 243.378 3.52104 0
      vertex 243.505 3.75 1
      vertex 243.505 3.75 0
    endloop
  endfacet
  facet normal -0.874481 0.485059 0
    outer loop
      vertex 243.505 3.75 1
      vertex 243.378 3.52104 0
      vertex 243.378 3.52104 1
    endloop
  endfacet
  facet normal -0.0174401 -0.999848 0
    outer loop
      vertex 249.738 -7.49543 0
      vertex 250 -7.5 1
      vertex 249.738 -7.49543 1
    endloop
  endfacet
  facet normal -0.0174401 -0.999848 -0
    outer loop
      vertex 250 -7.5 1
      vertex 249.738 -7.49543 0
      vertex 250 -7.5 0
    endloop
  endfacet
  facet normal -0.29168 0.956516 0
    outer loop
      vertex 247.933 7.20946 0
      vertex 247.682 7.13292 1
      vertex 247.933 7.20946 1
    endloop
  endfacet
  facet normal -0.29168 0.956516 0
    outer loop
      vertex 247.682 7.13292 1
      vertex 247.933 7.20946 0
      vertex 247.682 7.13292 0
    endloop
  endfacet
  facet normal -0.890778 0.454439 0
    outer loop
      vertex 243.259 3.28778 0
      vertex 243.378 3.52104 1
      vertex 243.378 3.52104 0
    endloop
  endfacet
  facet normal -0.890778 0.454439 0
    outer loop
      vertex 243.378 3.52104 1
      vertex 243.259 3.28778 0
      vertex 243.259 3.28778 1
    endloop
  endfacet
  facet normal -0.680972 -0.73231 0
    outer loop
      vertex 244.79 -5.39505 0
      vertex 244.982 -5.57359 1
      vertex 244.79 -5.39505 1
    endloop
  endfacet
  facet normal -0.680972 -0.73231 -0
    outer loop
      vertex 244.982 -5.57359 1
      vertex 244.79 -5.39505 0
      vertex 244.982 -5.57359 0
    endloop
  endfacet
  facet normal -0.77668 0.629895 0
    outer loop
      vertex 244.09 4.61746 0
      vertex 244.255 4.82091 1
      vertex 244.255 4.82091 0
    endloop
  endfacet
  facet normal -0.77668 0.629895 0
    outer loop
      vertex 244.255 4.82091 1
      vertex 244.09 4.61746 0
      vertex 244.09 4.61746 1
    endloop
  endfacet
  facet normal -0.965693 -0.259687 0
    outer loop
      vertex 242.791 -2.06728 0
      vertex 242.723 -1.81441 1
      vertex 242.723 -1.81441 0
    endloop
  endfacet
  facet normal -0.965693 -0.259687 0
    outer loop
      vertex 242.723 -1.81441 1
      vertex 242.791 -2.06728 0
      vertex 242.791 -2.06728 1
    endloop
  endfacet
  facet normal -0.515705 -0.856766 0
    outer loop
      vertex 246.026 -6.36036 0
      vertex 246.25 -6.49519 1
      vertex 246.026 -6.36036 1
    endloop
  endfacet
  facet normal -0.515705 -0.856766 -0
    outer loop
      vertex 246.25 -6.49519 1
      vertex 246.026 -6.36036 0
      vertex 246.25 -6.49519 0
    endloop
  endfacet
  facet normal -0.933346 0.358979 0
    outer loop
      vertex 242.952 2.56515 0
      vertex 243.046 2.80955 1
      vertex 243.046 2.80955 0
    endloop
  endfacet
  facet normal -0.933346 0.358979 0
    outer loop
      vertex 243.046 2.80955 1
      vertex 242.952 2.56515 0
      vertex 242.952 2.56515 1
    endloop
  endfacet
  facet normal 0.326188 0.945305 -0
    outer loop
      vertex 252.565 7.04769 0
      vertex 252.318 7.13292 1
      vertex 252.565 7.04769 1
    endloop
  endfacet
  facet normal 0.326188 0.945305 0
    outer loop
      vertex 252.318 7.13292 1
      vertex 252.565 7.04769 0
      vertex 252.318 7.13292 0
    endloop
  endfacet
  facet normal -0.423011 -0.906125 0
    outer loop
      vertex 246.712 -6.74095 0
      vertex 246.949 -6.85159 1
      vertex 246.712 -6.74095 1
    endloop
  endfacet
  facet normal -0.423011 -0.906125 -0
    outer loop
      vertex 246.949 -6.85159 1
      vertex 246.712 -6.74095 0
      vertex 246.949 -6.85159 0
    endloop
  endfacet
  facet normal -0.628293 0.777977 0
    outer loop
      vertex 245.383 5.91008 0
      vertex 245.179 5.74533 1
      vertex 245.383 5.91008 1
    endloop
  endfacet
  facet normal -0.628293 0.777977 0
    outer loop
      vertex 245.179 5.74533 1
      vertex 245.383 5.91008 0
      vertex 245.179 5.74533 0
    endloop
  endfacet
  facet normal -0.95688 -0.290485 0
    outer loop
      vertex 242.867 -2.31763 0
      vertex 242.791 -2.06728 1
      vertex 242.791 -2.06728 0
    endloop
  endfacet
  facet normal -0.95688 -0.290485 0
    outer loop
      vertex 242.791 -2.06728 1
      vertex 242.867 -2.31763 0
      vertex 242.867 -2.31763 1
    endloop
  endfacet
  facet normal 0 -1 0
    outer loop
      vertex 242.5 -0.5 1
      vertex 117.761 -0.5 6.06362
      vertex 110.6 -0.5 1
    endloop
  endfacet
  facet normal 0 -1 0
    outer loop
      vertex 117.761 -0.5 6.06362
      vertex 242.5 -0.5 1
      vertex 242.5 -0.5 1.5
    endloop
  endfacet
  facet normal 0.0365609 0 0.999331
    outer loop
      vertex 242.5 0.5 1.5
      vertex 117.761 -0.5 6.06362
      vertex 242.5 -0.5 1.5
    endloop
  endfacet
  facet normal 0.0365609 2.64609e-06 0.999331
    outer loop
      vertex 117.761 -0.5 6.06362
      vertex 242.5 0.5 1.5
      vertex 116.81 0.5 6.09841
    endloop
  endfacet
  facet normal 1 -0 0
    outer loop
      vertex 242.5 -0.5 1.5
      vertex 242.5 0.5 1
      vertex 242.5 0.5 1.5
    endloop
  endfacet
  facet normal 1 0 0
    outer loop
      vertex 242.5 0.5 1
      vertex 242.5 -0.5 1.5
      vertex 242.5 -0.5 1
    endloop
  endfacet
  facet normal 0 1 -0
    outer loop
      vertex 242.5 0.5 1
      vertex 116.81 0.5 6.09841
      vertex 242.5 0.5 1.5
    endloop
  endfacet
  facet normal 0 1 0
    outer loop
      vertex 116.81 0.5 6.09841
      vertex 242.5 0.5 1
      vertex 109.6 0.5 1
    endloop
  endfacet
  facet normal -0.99851 -0.0545637 0
    outer loop
      vertex 255.247 0.183222 0
      vertex 255.237 0.366221 1
      vertex 255.237 0.366221 0
    endloop
  endfacet
  facet normal -0.99851 -0.0545637 0
    outer loop
      vertex 255.237 0.366221 1
      vertex 255.247 0.183222 0
      vertex 255.247 0.183222 1
    endloop
  endfacet
  facet normal -0.999866 -0.0163714 0
    outer loop
      vertex 255.25 0 0
      vertex 255.247 0.183222 1
      vertex 255.247 0.183222 0
    endloop
  endfacet
  facet normal -0.999866 -0.0163714 0
    outer loop
      vertex 255.247 0.183222 1
      vertex 255.25 0 0
      vertex 255.25 0 1
    endloop
  endfacet
  facet normal 0.682065 0.731291 -0
    outer loop
      vertex 246.487 -3.90151 0
      vertex 246.353 -3.77653 1
      vertex 246.487 -3.90151 1
    endloop
  endfacet
  facet normal 0.682065 0.731291 0
    outer loop
      vertex 246.353 -3.77653 1
      vertex 246.487 -3.90151 0
      vertex 246.353 -3.77653 0
    endloop
  endfacet
  facet normal -0.515218 0.857059 0
    outer loop
      vertex 252.782 -4.45225 0
      vertex 252.625 -4.54663 1
      vertex 252.782 -4.45225 1
    endloop
  endfacet
  facet normal -0.515218 0.857059 0
    outer loop
      vertex 252.625 -4.54663 1
      vertex 252.782 -4.45225 0
      vertex 252.625 -4.54663 0
    endloop
  endfacet
  facet normal -0.627777 -0.778393 0
    outer loop
      vertex 253.232 4.13706 0
      vertex 253.375 4.02173 1
      vertex 253.232 4.13706 1
    endloop
  endfacet
  facet normal -0.627777 -0.778393 -0
    outer loop
      vertex 253.375 4.02173 1
      vertex 253.232 4.13706 0
      vertex 253.375 4.02173 0
    endloop
  endfacet
  facet normal 0.705934 0.708277 -0
    outer loop
      vertex 246.353 -3.77653 0
      vertex 246.223 -3.64696 1
      vertex 246.353 -3.77653 1
    endloop
  endfacet
  facet normal 0.705934 0.708277 0
    outer loop
      vertex 246.223 -3.64696 1
      vertex 246.353 -3.77653 0
      vertex 246.223 -3.64696 0
    endloop
  endfacet
  facet normal -0.452426 -0.891802 0
    outer loop
      vertex 252.301 4.71867 0
      vertex 252.465 4.63547 1
      vertex 252.301 4.71867 1
    endloop
  endfacet
  facet normal -0.452426 -0.891802 -0
    outer loop
      vertex 252.465 4.63547 1
      vertex 252.301 4.71867 0
      vertex 252.465 4.63547 0
    endloop
  endfacet
  facet normal 0.755334 0.65534 0
    outer loop
      vertex 246.098 -3.51294 1
      vertex 245.978 -3.37463 0
      vertex 245.978 -3.37463 1
    endloop
  endfacet
  facet normal 0.755334 0.65534 0
    outer loop
      vertex 245.978 -3.37463 0
      vertex 246.098 -3.51294 1
      vertex 246.098 -3.51294 0
    endloop
  endfacet
  facet normal 0.156447 -0.987686 0
    outer loop
      vertex 249.088 5.17024 0
      vertex 249.269 5.19891 1
      vertex 249.088 5.17024 1
    endloop
  endfacet
  facet normal 0.156447 -0.987686 0
    outer loop
      vertex 249.269 5.19891 1
      vertex 249.088 5.17024 0
      vertex 249.269 5.19891 0
    endloop
  endfacet
  facet normal -0.515218 -0.857059 0
    outer loop
      vertex 252.625 4.54663 0
      vertex 252.782 4.45225 1
      vertex 252.625 4.54663 1
    endloop
  endfacet
  facet normal -0.515218 -0.857059 -0
    outer loop
      vertex 252.782 4.45225 1
      vertex 252.625 4.54663 0
      vertex 252.782 4.45225 0
    endloop
  endfacet
  facet normal 0.987406 0.158208 0
    outer loop
      vertex 244.83 -0.911653 1
      vertex 244.801 -0.730659 0
      vertex 244.801 -0.730659 1
    endloop
  endfacet
  facet normal 0.987406 0.158208 0
    outer loop
      vertex 244.801 -0.730659 0
      vertex 244.83 -0.911653 1
      vertex 244.83 -0.911653 0
    endloop
  endfacet
  facet normal 0.99851 0.0545637 0
    outer loop
      vertex 244.763 -0.366221 1
      vertex 244.753 -0.183222 0
      vertex 244.753 -0.183222 1
    endloop
  endfacet
  facet normal 0.99851 0.0545637 0
    outer loop
      vertex 244.753 -0.183222 0
      vertex 244.763 -0.366221 1
      vertex 244.763 -0.366221 0
    endloop
  endfacet
  facet normal -0.974634 -0.223803 0
    outer loop
      vertex 255.135 1.09154 0
      vertex 255.094 1.27009 1
      vertex 255.094 1.27009 0
    endloop
  endfacet
  facet normal -0.974634 -0.223803 0
    outer loop
      vertex 255.094 1.27009 1
      vertex 255.135 1.09154 0
      vertex 255.135 1.09154 1
    endloop
  endfacet
  facet normal -0.627777 0.778393 0
    outer loop
      vertex 253.375 -4.02173 0
      vertex 253.232 -4.13706 1
      vertex 253.375 -4.02173 1
    endloop
  endfacet
  facet normal -0.627777 0.778393 0
    outer loop
      vertex 253.232 -4.13706 1
      vertex 253.375 -4.02173 0
      vertex 253.232 -4.13706 0
    endloop
  endfacet
  facet normal -0.99851 0.0545637 0
    outer loop
      vertex 255.237 -0.366221 0
      vertex 255.247 -0.183222 1
      vertex 255.247 -0.183222 0
    endloop
  endfacet
  facet normal -0.99851 0.0545637 0
    outer loop
      vertex 255.247 -0.183222 1
      vertex 255.237 -0.366221 0
      vertex 255.237 -0.366221 1
    endloop
  endfacet
  facet normal -0.85568 -0.517505 0
    outer loop
      vertex 254.547 2.625 0
      vertex 254.452 2.78208 1
      vertex 254.452 2.78208 0
    endloop
  endfacet
  facet normal -0.85568 -0.517505 0
    outer loop
      vertex 254.452 2.78208 1
      vertex 254.547 2.625 0
      vertex 254.547 2.625 1
    endloop
  endfacet
  facet normal 0.85568 -0.517505 0
    outer loop
      vertex 245.453 2.625 1
      vertex 245.548 2.78208 0
      vertex 245.548 2.78208 1
    endloop
  endfacet
  facet normal 0.85568 -0.517505 0
    outer loop
      vertex 245.548 2.78208 0
      vertex 245.453 2.625 1
      vertex 245.453 2.625 0
    endloop
  endfacet
  facet normal -0.258834 -0.965922 0
    outer loop
      vertex 251.27 5.09405 0
      vertex 251.447 5.04662 1
      vertex 251.27 5.09405 1
    endloop
  endfacet
  facet normal -0.258834 -0.965922 -0
    outer loop
      vertex 251.447 5.04662 1
      vertex 251.27 5.09405 0
      vertex 251.447 5.04662 0
    endloop
  endfacet
  facet normal -0.156447 0.987686 0
    outer loop
      vertex 250.912 -5.17024 0
      vertex 250.731 -5.19891 1
      vertex 250.912 -5.17024 1
    endloop
  endfacet
  facet normal -0.156447 0.987686 0
    outer loop
      vertex 250.731 -5.19891 1
      vertex 250.912 -5.17024 0
      vertex 250.731 -5.19891 0
    endloop
  endfacet
  facet normal -0.0523326 0.99863 0
    outer loop
      vertex 250.366 -5.23721 0
      vertex 250.183 -5.2468 1
      vertex 250.366 -5.23721 1
    endloop
  endfacet
  facet normal -0.0523326 0.99863 0
    outer loop
      vertex 250.183 -5.2468 1
      vertex 250.366 -5.23721 0
      vertex 250.183 -5.2468 0
    endloop
  endfacet
  facet normal -0.292707 -0.956202 0
    outer loop
      vertex 251.447 5.04662 0
      vertex 251.622 4.99305 1
      vertex 251.447 5.04662 1
    endloop
  endfacet
  facet normal -0.292707 -0.956202 -0
    outer loop
      vertex 251.622 4.99305 1
      vertex 251.447 5.04662 0
      vertex 251.622 4.99305 0
    endloop
  endfacet
  facet normal -0.0869373 0.996214 0
    outer loop
      vertex 250.549 -5.22124 0
      vertex 250.366 -5.23721 1
      vertex 250.549 -5.22124 1
    endloop
  endfacet
  facet normal -0.0869373 0.996214 0
    outer loop
      vertex 250.366 -5.23721 1
      vertex 250.549 -5.22124 0
      vertex 250.366 -5.23721 0
    endloop
  endfacet
  facet normal 0.602725 0.797949 -0
    outer loop
      vertex 246.914 -4.24734 0
      vertex 246.768 -4.13706 1
      vertex 246.914 -4.24734 1
    endloop
  endfacet
  facet normal 0.602725 0.797949 0
    outer loop
      vertex 246.768 -4.13706 1
      vertex 246.914 -4.24734 0
      vertex 246.768 -4.13706 0
    endloop
  endfacet
  facet normal 0.838174 0.545402 0
    outer loop
      vertex 245.648 -2.93576 1
      vertex 245.548 -2.78208 0
      vertex 245.548 -2.78208 1
    endloop
  endfacet
  facet normal 0.838174 0.545402 0
    outer loop
      vertex 245.548 -2.78208 0
      vertex 245.648 -2.93576 1
      vertex 245.648 -2.93576 0
    endloop
  endfacet
  facet normal -0.485439 -0.874271 0
    outer loop
      vertex 252.465 4.63547 0
      vertex 252.625 4.54663 1
      vertex 252.465 4.63547 1
    endloop
  endfacet
  facet normal -0.485439 -0.874271 -0
    outer loop
      vertex 252.625 4.54663 1
      vertex 252.465 4.63547 0
      vertex 252.625 4.54663 0
    endloop
  endfacet
  facet normal 0.515218 0.857059 -0
    outer loop
      vertex 247.375 -4.54663 0
      vertex 247.218 -4.45225 1
      vertex 247.375 -4.54663 1
    endloop
  endfacet
  facet normal 0.515218 0.857059 0
    outer loop
      vertex 247.218 -4.45225 1
      vertex 247.375 -4.54663 0
      vertex 247.218 -4.45225 0
    endloop
  endfacet
  facet normal 0.778004 0.62826 0
    outer loop
      vertex 245.978 -3.37463 1
      vertex 245.863 -3.23222 0
      vertex 245.863 -3.23222 1
    endloop
  endfacet
  facet normal 0.778004 0.62826 0
    outer loop
      vertex 245.863 -3.23222 0
      vertex 245.978 -3.37463 1
      vertex 245.978 -3.37463 0
    endloop
  endfacet
  facet normal -0.452426 0.891802 0
    outer loop
      vertex 252.465 -4.63547 0
      vertex 252.301 -4.71867 1
      vertex 252.465 -4.63547 1
    endloop
  endfacet
  facet normal -0.452426 0.891802 0
    outer loop
      vertex 252.301 -4.71867 1
      vertex 252.465 -4.63547 0
      vertex 252.301 -4.71867 0
    endloop
  endfacet
  facet normal 0.799377 -0.60083 0
    outer loop
      vertex 245.753 3.08587 1
      vertex 245.863 3.23222 0
      vertex 245.863 3.23222 1
    endloop
  endfacet
  facet normal 0.799377 -0.60083 0
    outer loop
      vertex 245.863 3.23222 0
      vertex 245.753 3.08587 1
      vertex 245.753 3.08587 0
    endloop
  endfacet
  facet normal -0.919728 -0.392557 0
    outer loop
      vertex 254.868 1.96668 0
      vertex 254.796 2.13537 1
      vertex 254.796 2.13537 0
    endloop
  endfacet
  facet normal -0.919728 -0.392557 0
    outer loop
      vertex 254.796 2.13537 1
      vertex 254.868 1.96668 0
      vertex 254.868 1.96668 1
    endloop
  endfacet
  facet normal -0.602725 0.797949 0
    outer loop
      vertex 253.232 -4.13706 0
      vertex 253.086 -4.24734 1
      vertex 253.232 -4.13706 1
    endloop
  endfacet
  facet normal -0.602725 0.797949 0
    outer loop
      vertex 253.086 -4.24734 1
      vertex 253.232 -4.13706 0
      vertex 253.086 -4.24734 0
    endloop
  endfacet
  facet normal -0.919728 0.392557 0
    outer loop
      vertex 254.796 -2.13537 0
      vertex 254.868 -1.96668 1
      vertex 254.868 -1.96668 0
    endloop
  endfacet
  facet normal -0.919728 0.392557 0
    outer loop
      vertex 254.868 -1.96668 1
      vertex 254.796 -2.13537 0
      vertex 254.796 -2.13537 1
    endloop
  endfacet
  facet normal -0.485439 0.874271 0
    outer loop
      vertex 252.625 -4.54663 0
      vertex 252.465 -4.63547 1
      vertex 252.625 -4.54663 1
    endloop
  endfacet
  facet normal -0.485439 0.874271 0
    outer loop
      vertex 252.465 -4.63547 1
      vertex 252.625 -4.54663 0
      vertex 252.465 -4.63547 0
    endloop
  endfacet
  facet normal 0.974634 -0.223803 0
    outer loop
      vertex 244.865 1.09154 1
      vertex 244.906 1.27009 0
      vertex 244.906 1.27009 1
    endloop
  endfacet
  facet normal 0.974634 -0.223803 0
    outer loop
      vertex 244.906 1.27009 0
      vertex 244.865 1.09154 1
      vertex 244.865 1.09154 0
    endloop
  endfacet
  facet normal 0.392068 0.919936 -0
    outer loop
      vertex 248.033 -4.86771 0
      vertex 247.865 -4.79611 1
      vertex 248.033 -4.86771 1
    endloop
  endfacet
  facet normal 0.392068 0.919936 0
    outer loop
      vertex 247.865 -4.79611 1
      vertex 248.033 -4.86771 0
      vertex 247.865 -4.79611 0
    endloop
  endfacet
  facet normal -0.121779 0.992557 0
    outer loop
      vertex 250.731 -5.19891 0
      vertex 250.549 -5.22124 1
      vertex 250.731 -5.19891 1
    endloop
  endfacet
  facet normal -0.121779 0.992557 0
    outer loop
      vertex 250.549 -5.22124 1
      vertex 250.731 -5.19891 0
      vertex 250.549 -5.22124 0
    endloop
  endfacet
  facet normal 0.573865 -0.81895 0
    outer loop
      vertex 246.914 4.24734 0
      vertex 247.064 4.35245 1
      vertex 246.914 4.24734 1
    endloop
  endfacet
  facet normal 0.573865 -0.81895 0
    outer loop
      vertex 247.064 4.35245 1
      vertex 246.914 4.24734 0
      vertex 247.064 4.35245 0
    endloop
  endfacet
  facet normal -0.944949 0.327217 0
    outer loop
      vertex 254.933 -1.79561 0
      vertex 254.993 -1.62234 1
      vertex 254.993 -1.62234 0
    endloop
  endfacet
  facet normal -0.944949 0.327217 0
    outer loop
      vertex 254.993 -1.62234 1
      vertex 254.933 -1.79561 0
      vertex 254.933 -1.79561 1
    endloop
  endfacet
  facet normal 0.324338 -0.945941 0
    outer loop
      vertex 248.204 4.93339 0
      vertex 248.378 4.99305 1
      vertex 248.204 4.93339 1
    endloop
  endfacet
  facet normal 0.324338 -0.945941 0
    outer loop
      vertex 248.378 4.99305 1
      vertex 248.204 4.93339 0
      vertex 248.378 4.99305 0
    endloop
  endfacet
  facet normal 0.292707 0.956202 -0
    outer loop
      vertex 248.553 -5.04662 0
      vertex 248.378 -4.99305 1
      vertex 248.553 -5.04662 1
    endloop
  endfacet
  facet normal 0.292707 0.956202 0
    outer loop
      vertex 248.378 -4.99305 1
      vertex 248.553 -5.04662 0
      vertex 248.378 -4.99305 0
    endloop
  endfacet
  facet normal 0.799377 0.60083 0
    outer loop
      vertex 245.863 -3.23222 1
      vertex 245.753 -3.08587 0
      vertex 245.753 -3.08587 1
    endloop
  endfacet
  facet normal 0.799377 0.60083 0
    outer loop
      vertex 245.753 -3.08587 0
      vertex 245.863 -3.23222 1
      vertex 245.863 -3.23222 0
    endloop
  endfacet
  facet normal 0.0869373 -0.996214 0
    outer loop
      vertex 249.451 5.22124 0
      vertex 249.634 5.23721 1
      vertex 249.451 5.22124 1
    endloop
  endfacet
  facet normal 0.0869373 -0.996214 0
    outer loop
      vertex 249.634 5.23721 1
      vertex 249.451 5.22124 0
      vertex 249.634 5.23721 0
    endloop
  endfacet
  facet normal -0.0174837 0.999847 0
    outer loop
      vertex 250.183 -5.2468 0
      vertex 250 -5.25 1
      vertex 250.183 -5.2468 1
    endloop
  endfacet
  facet normal -0.0174837 0.999847 0
    outer loop
      vertex 250 -5.25 1
      vertex 250.183 -5.2468 0
      vertex 250 -5.25 0
    endloop
  endfacet
  facet normal -0.944949 -0.327217 0
    outer loop
      vertex 254.993 1.62234 0
      vertex 254.933 1.79561 1
      vertex 254.933 1.79561 0
    endloop
  endfacet
  facet normal -0.944949 -0.327217 0
    outer loop
      vertex 254.933 1.79561 1
      vertex 254.993 1.62234 0
      vertex 254.993 1.62234 1
    endloop
  endfacet
  facet normal 0.292707 -0.956202 0
    outer loop
      vertex 248.378 4.99305 0
      vertex 248.553 5.04662 1
      vertex 248.378 4.99305 1
    endloop
  endfacet
  facet normal 0.292707 -0.956202 0
    outer loop
      vertex 248.553 5.04662 1
      vertex 248.378 4.99305 0
      vertex 248.553 5.04662 0
    endloop
  endfacet
  facet normal -0.324338 0.945941 0
    outer loop
      vertex 251.796 -4.93339 0
      vertex 251.622 -4.99305 1
      vertex 251.796 -4.93339 1
    endloop
  endfacet
  facet normal -0.324338 0.945941 0
    outer loop
      vertex 251.622 -4.99305 1
      vertex 251.796 -4.93339 0
      vertex 251.622 -4.99305 0
    endloop
  endfacet
  facet normal 0.225603 -0.974219 0
    outer loop
      vertex 248.73 5.09405 0
      vertex 248.908 5.13527 1
      vertex 248.73 5.09405 1
    endloop
  endfacet
  facet normal 0.225603 -0.974219 0
    outer loop
      vertex 248.908 5.13527 1
      vertex 248.73 5.09405 0
      vertex 248.908 5.13527 0
    endloop
  endfacet
  facet normal 0.889227 0.457466 0
    outer loop
      vertex 245.365 -2.46473 1
      vertex 245.281 -2.30145 0
      vertex 245.281 -2.30145 1
    endloop
  endfacet
  facet normal 0.889227 0.457466 0
    outer loop
      vertex 245.281 -2.30145 0
      vertex 245.365 -2.46473 1
      vertex 245.365 -2.46473 0
    endloop
  endfacet
  facet normal 0.992764 0.12008 0
    outer loop
      vertex 244.801 -0.730659 1
      vertex 244.779 -0.548774 0
      vertex 244.779 -0.548774 1
    endloop
  endfacet
  facet normal 0.992764 0.12008 0
    outer loop
      vertex 244.779 -0.548774 0
      vertex 244.801 -0.730659 1
      vertex 244.801 -0.730659 0
    endloop
  endfacet
  facet normal -0.573865 -0.81895 0
    outer loop
      vertex 252.936 4.35245 0
      vertex 253.086 4.24734 1
      vertex 252.936 4.35245 1
    endloop
  endfacet
  facet normal -0.573865 -0.81895 -0
    outer loop
      vertex 253.086 4.24734 1
      vertex 252.936 4.35245 0
      vertex 253.086 4.24734 0
    endloop
  endfacet
  facet normal -0.358555 0.933509 0
    outer loop
      vertex 251.967 -4.86771 0
      vertex 251.796 -4.93339 1
      vertex 251.967 -4.86771 1
    endloop
  endfacet
  facet normal -0.358555 0.933509 0
    outer loop
      vertex 251.796 -4.93339 1
      vertex 251.967 -4.86771 0
      vertex 251.796 -4.93339 0
    endloop
  endfacet
  facet normal -0.981593 0.190985 0
    outer loop
      vertex 255.135 -1.09154 0
      vertex 255.17 -0.911653 1
      vertex 255.17 -0.911653 0
    endloop
  endfacet
  facet normal -0.981593 0.190985 0
    outer loop
      vertex 255.17 -0.911653 1
      vertex 255.135 -1.09154 0
      vertex 255.135 -1.09154 1
    endloop
  endfacet
  facet normal -0.682065 -0.731291 0
    outer loop
      vertex 253.513 3.90151 0
      vertex 253.647 3.77653 1
      vertex 253.513 3.90151 1
    endloop
  endfacet
  facet normal -0.682065 -0.731291 -0
    outer loop
      vertex 253.647 3.77653 1
      vertex 253.513 3.90151 0
      vertex 253.647 3.77653 0
    endloop
  endfacet
  facet normal 0.85568 0.517505 0
    outer loop
      vertex 245.548 -2.78208 1
      vertex 245.453 -2.625 0
      vertex 245.453 -2.625 1
    endloop
  endfacet
  facet normal 0.85568 0.517505 0
    outer loop
      vertex 245.453 -2.625 0
      vertex 245.548 -2.78208 1
      vertex 245.548 -2.78208 0
    endloop
  endfacet
  facet normal 0.543839 -0.83919 0
    outer loop
      vertex 247.064 4.35245 0
      vertex 247.218 4.45225 1
      vertex 247.064 4.35245 1
    endloop
  endfacet
  facet normal 0.543839 -0.83919 0
    outer loop
      vertex 247.218 4.45225 1
      vertex 247.064 4.35245 0
      vertex 247.218 4.45225 0
    endloop
  endfacet
  facet normal 0.876559 0.481295 0
    outer loop
      vertex 245.453 -2.625 1
      vertex 245.365 -2.46473 0
      vertex 245.365 -2.46473 1
    endloop
  endfacet
  facet normal 0.876559 0.481295 0
    outer loop
      vertex 245.365 -2.46473 0
      vertex 245.453 -2.625 1
      vertex 245.453 -2.625 0
    endloop
  endfacet
  facet normal 0.392068 -0.919936 0
    outer loop
      vertex 247.865 4.79611 0
      vertex 248.033 4.86771 1
      vertex 247.865 4.79611 1
    endloop
  endfacet
  facet normal 0.392068 -0.919936 0
    outer loop
      vertex 248.033 4.86771 1
      vertex 247.865 4.79611 0
      vertex 248.033 4.86771 0
    endloop
  endfacet
  facet normal -0.907235 0.420623 0
    outer loop
      vertex 254.719 -2.30145 0
      vertex 254.796 -2.13537 1
      vertex 254.796 -2.13537 0
    endloop
  endfacet
  facet normal -0.907235 0.420623 0
    outer loop
      vertex 254.796 -2.13537 1
      vertex 254.719 -2.30145 0
      vertex 254.719 -2.30145 1
    endloop
  endfacet
  facet normal 0.121779 0.992557 -0
    outer loop
      vertex 249.451 -5.22124 0
      vertex 249.269 -5.19891 1
      vertex 249.451 -5.22124 1
    endloop
  endfacet
  facet normal 0.121779 0.992557 0
    outer loop
      vertex 249.269 -5.19891 1
      vertex 249.451 -5.22124 0
      vertex 249.269 -5.19891 0
    endloop
  endfacet
  facet normal -0.838174 -0.545402 0
    outer loop
      vertex 254.452 2.78208 0
      vertex 254.352 2.93576 1
      vertex 254.352 2.93576 0
    endloop
  endfacet
  facet normal -0.838174 -0.545402 0
    outer loop
      vertex 254.352 2.93576 1
      vertex 254.452 2.78208 0
      vertex 254.452 2.78208 1
    endloop
  endfacet
  facet normal 0.876559 -0.481295 0
    outer loop
      vertex 245.365 2.46473 1
      vertex 245.453 2.625 0
      vertex 245.453 2.625 1
    endloop
  endfacet
  facet normal 0.876559 -0.481295 0
    outer loop
      vertex 245.453 2.625 0
      vertex 245.365 2.46473 1
      vertex 245.365 2.46473 0
    endloop
  endfacet
  facet normal 0.258834 0.965922 -0
    outer loop
      vertex 248.73 -5.09405 0
      vertex 248.553 -5.04662 1
      vertex 248.73 -5.09405 1
    endloop
  endfacet
  facet normal 0.258834 0.965922 0
    outer loop
      vertex 248.553 -5.04662 1
      vertex 248.73 -5.09405 0
      vertex 248.553 -5.04662 0
    endloop
  endfacet
  facet normal -0.907235 -0.420623 0
    outer loop
      vertex 254.796 2.13537 0
      vertex 254.719 2.30145 1
      vertex 254.719 2.30145 0
    endloop
  endfacet
  facet normal -0.907235 -0.420623 0
    outer loop
      vertex 254.719 2.30145 1
      vertex 254.796 2.13537 0
      vertex 254.796 2.13537 1
    endloop
  endfacet
  facet normal -0.955656 -0.294484 0
    outer loop
      vertex 255.047 1.4471 0
      vertex 254.993 1.62234 1
      vertex 254.993 1.62234 0
    endloop
  endfacet
  facet normal -0.955656 -0.294484 0
    outer loop
      vertex 254.993 1.62234 1
      vertex 255.047 1.4471 0
      vertex 255.047 1.4471 1
    endloop
  endfacet
  facet normal 0.190712 -0.981646 0
    outer loop
      vertex 248.908 5.13527 0
      vertex 249.088 5.17024 1
      vertex 248.908 5.13527 1
    endloop
  endfacet
  facet normal 0.190712 -0.981646 0
    outer loop
      vertex 249.088 5.17024 1
      vertex 248.908 5.13527 0
      vertex 249.088 5.17024 0
    endloop
  endfacet
  facet normal -0.934796 -0.355186 0
    outer loop
      vertex 254.933 1.79561 0
      vertex 254.868 1.96668 1
      vertex 254.868 1.96668 0
    endloop
  endfacet
  facet normal -0.934796 -0.355186 0
    outer loop
      vertex 254.868 1.96668 1
      vertex 254.933 1.79561 0
      vertex 254.933 1.79561 1
    endloop
  endfacet
  facet normal 0.422766 -0.906239 0
    outer loop
      vertex 247.699 4.71867 0
      vertex 247.865 4.79611 1
      vertex 247.699 4.71867 1
    endloop
  endfacet
  facet normal 0.422766 -0.906239 0
    outer loop
      vertex 247.865 4.79611 1
      vertex 247.699 4.71867 0
      vertex 247.865 4.79611 0
    endloop
  endfacet
  facet normal -0.876559 0.481295 0
    outer loop
      vertex 254.547 -2.625 0
      vertex 254.635 -2.46473 1
      vertex 254.635 -2.46473 0
    endloop
  endfacet
  facet normal -0.876559 0.481295 0
    outer loop
      vertex 254.635 -2.46473 1
      vertex 254.547 -2.625 0
      vertex 254.547 -2.625 1
    endloop
  endfacet
  facet normal -0.121779 -0.992557 0
    outer loop
      vertex 250.549 5.22124 0
      vertex 250.731 5.19891 1
      vertex 250.549 5.22124 1
    endloop
  endfacet
  facet normal -0.121779 -0.992557 -0
    outer loop
      vertex 250.731 5.19891 1
      vertex 250.549 5.22124 0
      vertex 250.731 5.19891 0
    endloop
  endfacet
  facet normal -0.96651 0.256629 0
    outer loop
      vertex 255.047 -1.4471 0
      vertex 255.094 -1.27009 1
      vertex 255.094 -1.27009 0
    endloop
  endfacet
  facet normal -0.96651 0.256629 0
    outer loop
      vertex 255.094 -1.27009 1
      vertex 255.047 -1.4471 0
      vertex 255.047 -1.4471 1
    endloop
  endfacet
  facet normal 0.358555 -0.933509 0
    outer loop
      vertex 248.033 4.86771 0
      vertex 248.204 4.93339 1
      vertex 248.033 4.86771 1
    endloop
  endfacet
  facet normal 0.358555 -0.933509 0
    outer loop
      vertex 248.204 4.93339 1
      vertex 248.033 4.86771 0
      vertex 248.204 4.93339 0
    endloop
  endfacet
  facet normal -0.987406 -0.158208 0
    outer loop
      vertex 255.199 0.730659 0
      vertex 255.17 0.911653 1
      vertex 255.17 0.911653 0
    endloop
  endfacet
  facet normal -0.987406 -0.158208 0
    outer loop
      vertex 255.17 0.911653 1
      vertex 255.199 0.730659 0
      vertex 255.199 0.730659 1
    endloop
  endfacet
  facet normal -0.85568 0.517505 0
    outer loop
      vertex 254.452 -2.78208 0
      vertex 254.547 -2.625 1
      vertex 254.547 -2.625 0
    endloop
  endfacet
  facet normal -0.85568 0.517505 0
    outer loop
      vertex 254.547 -2.625 1
      vertex 254.452 -2.78208 0
      vertex 254.452 -2.78208 1
    endloop
  endfacet
  facet normal 0.99851 -0.0545637 0
    outer loop
      vertex 244.753 0.183222 1
      vertex 244.763 0.366221 0
      vertex 244.763 0.366221 1
    endloop
  endfacet
  facet normal 0.99851 -0.0545637 0
    outer loop
      vertex 244.763 0.366221 0
      vertex 244.753 0.183222 1
      vertex 244.753 0.183222 0
    endloop
  endfacet
  facet normal 0.987406 -0.158208 0
    outer loop
      vertex 244.801 0.730659 1
      vertex 244.83 0.911653 0
      vertex 244.83 0.911653 1
    endloop
  endfacet
  facet normal 0.987406 -0.158208 0
    outer loop
      vertex 244.83 0.911653 0
      vertex 244.801 0.730659 1
      vertex 244.801 0.730659 0
    endloop
  endfacet
  facet normal -0.358555 -0.933509 0
    outer loop
      vertex 251.796 4.93339 0
      vertex 251.967 4.86771 1
      vertex 251.796 4.93339 1
    endloop
  endfacet
  facet normal -0.358555 -0.933509 -0
    outer loop
      vertex 251.967 4.86771 1
      vertex 251.796 4.93339 0
      vertex 251.967 4.86771 0
    endloop
  endfacet
  facet normal -0.999866 0.0163714 0
    outer loop
      vertex 255.247 -0.183222 0
      vertex 255.25 0 1
      vertex 255.25 0 0
    endloop
  endfacet
  facet normal -0.999866 0.0163714 0
    outer loop
      vertex 255.25 0 1
      vertex 255.247 -0.183222 0
      vertex 255.247 -0.183222 1
    endloop
  endfacet
  facet normal 0.999866 -0.0163714 0
    outer loop
      vertex 244.75 0 1
      vertex 244.753 0.183222 0
      vertex 244.753 0.183222 1
    endloop
  endfacet
  facet normal 0.999866 -0.0163714 0
    outer loop
      vertex 244.753 0.183222 0
      vertex 244.75 0 1
      vertex 244.75 0 0
    endloop
  endfacet
  facet normal 0.515218 -0.857059 0
    outer loop
      vertex 247.218 4.45225 0
      vertex 247.375 4.54663 1
      vertex 247.218 4.45225 1
    endloop
  endfacet
  facet normal 0.515218 -0.857059 0
    outer loop
      vertex 247.375 4.54663 1
      vertex 247.218 4.45225 0
      vertex 247.375 4.54663 0
    endloop
  endfacet
  facet normal -0.876559 -0.481295 0
    outer loop
      vertex 254.635 2.46473 0
      vertex 254.547 2.625 1
      vertex 254.547 2.625 0
    endloop
  endfacet
  facet normal -0.876559 -0.481295 0
    outer loop
      vertex 254.547 2.625 1
      vertex 254.635 2.46473 0
      vertex 254.635 2.46473 1
    endloop
  endfacet
  facet normal 0.258834 -0.965922 0
    outer loop
      vertex 248.553 5.04662 0
      vertex 248.73 5.09405 1
      vertex 248.553 5.04662 1
    endloop
  endfacet
  facet normal 0.258834 -0.965922 0
    outer loop
      vertex 248.73 5.09405 1
      vertex 248.553 5.04662 0
      vertex 248.73 5.09405 0
    endloop
  endfacet
  facet normal -0.981593 -0.190985 0
    outer loop
      vertex 255.17 0.911653 0
      vertex 255.135 1.09154 1
      vertex 255.135 1.09154 0
    endloop
  endfacet
  facet normal -0.981593 -0.190985 0
    outer loop
      vertex 255.135 1.09154 1
      vertex 255.17 0.911653 0
      vertex 255.17 0.911653 1
    endloop
  endfacet
  facet normal 0.0523326 -0.99863 0
    outer loop
      vertex 249.634 5.23721 0
      vertex 249.817 5.2468 1
      vertex 249.634 5.23721 1
    endloop
  endfacet
  facet normal 0.0523326 -0.99863 0
    outer loop
      vertex 249.817 5.2468 1
      vertex 249.634 5.23721 0
      vertex 249.817 5.2468 0
    endloop
  endfacet
  facet normal -0.705934 0.708277 0
    outer loop
      vertex 253.777 -3.64696 0
      vertex 253.647 -3.77653 1
      vertex 253.777 -3.64696 1
    endloop
  endfacet
  facet normal -0.705934 0.708277 0
    outer loop
      vertex 253.647 -3.77653 1
      vertex 253.777 -3.64696 0
      vertex 253.647 -3.77653 0
    endloop
  endfacet
  facet normal -0.602725 -0.797949 0
    outer loop
      vertex 253.086 4.24734 0
      vertex 253.232 4.13706 1
      vertex 253.086 4.24734 1
    endloop
  endfacet
  facet normal -0.602725 -0.797949 -0
    outer loop
      vertex 253.232 4.13706 1
      vertex 253.086 4.24734 0
      vertex 253.232 4.13706 0
    endloop
  endfacet
  facet normal -0.889227 -0.457466 0
    outer loop
      vertex 254.719 2.30145 0
      vertex 254.635 2.46473 1
      vertex 254.635 2.46473 0
    endloop
  endfacet
  facet normal -0.889227 -0.457466 0
    outer loop
      vertex 254.635 2.46473 1
      vertex 254.719 2.30145 0
      vertex 254.719 2.30145 1
    endloop
  endfacet
  facet normal -0.543839 -0.83919 0
    outer loop
      vertex 252.782 4.45225 0
      vertex 252.936 4.35245 1
      vertex 252.782 4.45225 1
    endloop
  endfacet
  facet normal -0.543839 -0.83919 -0
    outer loop
      vertex 252.936 4.35245 1
      vertex 252.782 4.45225 0
      vertex 252.936 4.35245 0
    endloop
  endfacet
  facet normal -0.955656 0.294484 0
    outer loop
      vertex 254.993 -1.62234 0
      vertex 255.047 -1.4471 1
      vertex 255.047 -1.4471 0
    endloop
  endfacet
  facet normal -0.955656 0.294484 0
    outer loop
      vertex 255.047 -1.4471 1
      vertex 254.993 -1.62234 0
      vertex 254.993 -1.62234 1
    endloop
  endfacet
  facet normal 0.996181 0.0873111 0
    outer loop
      vertex 244.779 -0.548774 1
      vertex 244.763 -0.366221 0
      vertex 244.763 -0.366221 1
    endloop
  endfacet
  facet normal 0.996181 0.0873111 0
    outer loop
      vertex 244.763 -0.366221 0
      vertex 244.779 -0.548774 1
      vertex 244.779 -0.548774 0
    endloop
  endfacet
  facet normal -0.974634 0.223803 0
    outer loop
      vertex 255.094 -1.27009 0
      vertex 255.135 -1.09154 1
      vertex 255.135 -1.09154 0
    endloop
  endfacet
  facet normal -0.974634 0.223803 0
    outer loop
      vertex 255.135 -1.09154 1
      vertex 255.094 -1.27009 0
      vertex 255.094 -1.27009 1
    endloop
  endfacet
  facet normal -0.656863 -0.75401 0
    outer loop
      vertex 253.375 4.02173 0
      vertex 253.513 3.90151 1
      vertex 253.375 4.02173 1
    endloop
  endfacet
  facet normal -0.656863 -0.75401 -0
    outer loop
      vertex 253.513 3.90151 1
      vertex 253.375 4.02173 0
      vertex 253.513 3.90151 0
    endloop
  endfacet
  facet normal 0.452426 0.891802 -0
    outer loop
      vertex 247.699 -4.71867 0
      vertex 247.535 -4.63547 1
      vertex 247.699 -4.71867 1
    endloop
  endfacet
  facet normal 0.452426 0.891802 0
    outer loop
      vertex 247.535 -4.63547 1
      vertex 247.699 -4.71867 0
      vertex 247.535 -4.63547 0
    endloop
  endfacet
  facet normal -0.992764 0.12008 0
    outer loop
      vertex 255.199 -0.730659 0
      vertex 255.221 -0.548774 1
      vertex 255.221 -0.548774 0
    endloop
  endfacet
  facet normal -0.992764 0.12008 0
    outer loop
      vertex 255.221 -0.548774 1
      vertex 255.199 -0.730659 0
      vertex 255.199 -0.730659 1
    endloop
  endfacet
  facet normal -0.799377 -0.60083 0
    outer loop
      vertex 254.247 3.08587 0
      vertex 254.137 3.23222 1
      vertex 254.137 3.23222 0
    endloop
  endfacet
  facet normal -0.799377 -0.60083 0
    outer loop
      vertex 254.137 3.23222 1
      vertex 254.247 3.08587 0
      vertex 254.247 3.08587 1
    endloop
  endfacet
  facet normal -0.996181 0.0873111 0
    outer loop
      vertex 255.221 -0.548774 0
      vertex 255.237 -0.366221 1
      vertex 255.237 -0.366221 0
    endloop
  endfacet
  facet normal -0.996181 0.0873111 0
    outer loop
      vertex 255.237 -0.366221 1
      vertex 255.221 -0.548774 0
      vertex 255.221 -0.548774 1
    endloop
  endfacet
  facet normal -0.987406 0.158208 0
    outer loop
      vertex 255.17 -0.911653 0
      vertex 255.199 -0.730659 1
      vertex 255.199 -0.730659 0
    endloop
  endfacet
  facet normal -0.987406 0.158208 0
    outer loop
      vertex 255.199 -0.730659 1
      vertex 255.17 -0.911653 0
      vertex 255.17 -0.911653 1
    endloop
  endfacet
  facet normal 0.838174 -0.545402 0
    outer loop
      vertex 245.548 2.78208 1
      vertex 245.648 2.93576 0
      vertex 245.648 2.93576 1
    endloop
  endfacet
  facet normal 0.838174 -0.545402 0
    outer loop
      vertex 245.648 2.93576 0
      vertex 245.548 2.78208 1
      vertex 245.548 2.78208 0
    endloop
  endfacet
  facet normal -0.731287 -0.682069 0
    outer loop
      vertex 253.902 3.51294 0
      vertex 253.777 3.64696 1
      vertex 253.777 3.64696 0
    endloop
  endfacet
  facet normal -0.731287 -0.682069 0
    outer loop
      vertex 253.777 3.64696 1
      vertex 253.902 3.51294 0
      vertex 253.902 3.51294 1
    endloop
  endfacet
  facet normal -0.934796 0.355186 0
    outer loop
      vertex 254.868 -1.96668 0
      vertex 254.933 -1.79561 1
      vertex 254.933 -1.79561 0
    endloop
  endfacet
  facet normal -0.934796 0.355186 0
    outer loop
      vertex 254.933 -1.79561 1
      vertex 254.868 -1.96668 0
      vertex 254.868 -1.96668 1
    endloop
  endfacet
  facet normal -0.292707 0.956202 0
    outer loop
      vertex 251.622 -4.99305 0
      vertex 251.447 -5.04662 1
      vertex 251.622 -4.99305 1
    endloop
  endfacet
  facet normal -0.292707 0.956202 0
    outer loop
      vertex 251.447 -5.04662 1
      vertex 251.622 -4.99305 0
      vertex 251.447 -5.04662 0
    endloop
  endfacet
  facet normal 0.485439 -0.874271 0
    outer loop
      vertex 247.375 4.54663 0
      vertex 247.535 4.63547 1
      vertex 247.375 4.54663 1
    endloop
  endfacet
  facet normal 0.485439 -0.874271 0
    outer loop
      vertex 247.535 4.63547 1
      vertex 247.375 4.54663 0
      vertex 247.535 4.63547 0
    endloop
  endfacet
  facet normal 0.485439 0.874271 -0
    outer loop
      vertex 247.535 -4.63547 0
      vertex 247.375 -4.54663 1
      vertex 247.535 -4.63547 1
    endloop
  endfacet
  facet normal 0.485439 0.874271 0
    outer loop
      vertex 247.375 -4.54663 1
      vertex 247.535 -4.63547 0
      vertex 247.375 -4.54663 0
    endloop
  endfacet
  facet normal -0.731287 0.682069 0
    outer loop
      vertex 253.777 -3.64696 0
      vertex 253.902 -3.51294 1
      vertex 253.902 -3.51294 0
    endloop
  endfacet
  facet normal -0.731287 0.682069 0
    outer loop
      vertex 253.902 -3.51294 1
      vertex 253.777 -3.64696 0
      vertex 253.777 -3.64696 1
    endloop
  endfacet
  facet normal -0.778004 0.62826 0
    outer loop
      vertex 254.022 -3.37463 0
      vertex 254.137 -3.23222 1
      vertex 254.137 -3.23222 0
    endloop
  endfacet
  facet normal -0.778004 0.62826 0
    outer loop
      vertex 254.137 -3.23222 1
      vertex 254.022 -3.37463 0
      vertex 254.022 -3.37463 1
    endloop
  endfacet
  facet normal -0.755334 0.65534 0
    outer loop
      vertex 253.902 -3.51294 0
      vertex 254.022 -3.37463 1
      vertex 254.022 -3.37463 0
    endloop
  endfacet
  facet normal -0.755334 0.65534 0
    outer loop
      vertex 254.022 -3.37463 1
      vertex 253.902 -3.51294 0
      vertex 253.902 -3.51294 1
    endloop
  endfacet
  facet normal -0.156447 -0.987686 0
    outer loop
      vertex 250.731 5.19891 0
      vertex 250.912 5.17024 1
      vertex 250.731 5.19891 1
    endloop
  endfacet
  facet normal -0.156447 -0.987686 -0
    outer loop
      vertex 250.912 5.17024 1
      vertex 250.731 5.19891 0
      vertex 250.912 5.17024 0
    endloop
  endfacet
  facet normal 0.121779 -0.992557 0
    outer loop
      vertex 249.269 5.19891 0
      vertex 249.451 5.22124 1
      vertex 249.269 5.19891 1
    endloop
  endfacet
  facet normal 0.121779 -0.992557 0
    outer loop
      vertex 249.451 5.22124 1
      vertex 249.269 5.19891 0
      vertex 249.451 5.22124 0
    endloop
  endfacet
  facet normal -0.392068 0.919936 0
    outer loop
      vertex 252.135 -4.79611 0
      vertex 251.967 -4.86771 1
      vertex 252.135 -4.79611 1
    endloop
  endfacet
  facet normal -0.392068 0.919936 0
    outer loop
      vertex 251.967 -4.86771 1
      vertex 252.135 -4.79611 0
      vertex 251.967 -4.86771 0
    endloop
  endfacet
  facet normal -0.682065 0.731291 0
    outer loop
      vertex 253.647 -3.77653 0
      vertex 253.513 -3.90151 1
      vertex 253.647 -3.77653 1
    endloop
  endfacet
  facet normal -0.682065 0.731291 0
    outer loop
      vertex 253.513 -3.90151 1
      vertex 253.647 -3.77653 0
      vertex 253.513 -3.90151 0
    endloop
  endfacet
  facet normal -0.258834 0.965922 0
    outer loop
      vertex 251.447 -5.04662 0
      vertex 251.27 -5.09405 1
      vertex 251.447 -5.04662 1
    endloop
  endfacet
  facet normal -0.258834 0.965922 0
    outer loop
      vertex 251.27 -5.09405 1
      vertex 251.447 -5.04662 0
      vertex 251.27 -5.09405 0
    endloop
  endfacet
  facet normal -0.96651 -0.256629 0
    outer loop
      vertex 255.094 1.27009 0
      vertex 255.047 1.4471 1
      vertex 255.047 1.4471 0
    endloop
  endfacet
  facet normal -0.96651 -0.256629 0
    outer loop
      vertex 255.047 1.4471 1
      vertex 255.094 1.27009 0
      vertex 255.094 1.27009 1
    endloop
  endfacet
  facet normal 0.573865 0.81895 -0
    outer loop
      vertex 247.064 -4.35245 0
      vertex 246.914 -4.24734 1
      vertex 247.064 -4.35245 1
    endloop
  endfacet
  facet normal 0.573865 0.81895 0
    outer loop
      vertex 246.914 -4.24734 1
      vertex 247.064 -4.35245 0
      vertex 246.914 -4.24734 0
    endloop
  endfacet
  facet normal -0.573865 0.81895 0
    outer loop
      vertex 253.086 -4.24734 0
      vertex 252.936 -4.35245 1
      vertex 253.086 -4.24734 1
    endloop
  endfacet
  facet normal -0.573865 0.81895 0
    outer loop
      vertex 252.936 -4.35245 1
      vertex 253.086 -4.24734 0
      vertex 252.936 -4.35245 0
    endloop
  endfacet
  facet normal -0.819429 -0.57318 0
    outer loop
      vertex 254.352 2.93576 0
      vertex 254.247 3.08587 1
      vertex 254.247 3.08587 0
    endloop
  endfacet
  facet normal -0.819429 -0.57318 0
    outer loop
      vertex 254.247 3.08587 1
      vertex 254.352 2.93576 0
      vertex 254.352 2.93576 1
    endloop
  endfacet
  facet normal 0.907235 0.420623 0
    outer loop
      vertex 245.281 -2.30145 1
      vertex 245.204 -2.13537 0
      vertex 245.204 -2.13537 1
    endloop
  endfacet
  facet normal 0.907235 0.420623 0
    outer loop
      vertex 245.204 -2.13537 0
      vertex 245.281 -2.30145 1
      vertex 245.281 -2.30145 0
    endloop
  endfacet
  facet normal -0.992764 -0.12008 0
    outer loop
      vertex 255.221 0.548774 0
      vertex 255.199 0.730659 1
      vertex 255.199 0.730659 0
    endloop
  endfacet
  facet normal -0.992764 -0.12008 0
    outer loop
      vertex 255.199 0.730659 1
      vertex 255.221 0.548774 0
      vertex 255.221 0.548774 1
    endloop
  endfacet
  facet normal -0.422766 -0.906239 0
    outer loop
      vertex 252.135 4.79611 0
      vertex 252.301 4.71867 1
      vertex 252.135 4.79611 1
    endloop
  endfacet
  facet normal -0.422766 -0.906239 -0
    outer loop
      vertex 252.301 4.71867 1
      vertex 252.135 4.79611 0
      vertex 252.301 4.71867 0
    endloop
  endfacet
  facet normal 0.992764 -0.12008 0
    outer loop
      vertex 244.779 0.548774 1
      vertex 244.801 0.730659 0
      vertex 244.801 0.730659 1
    endloop
  endfacet
  facet normal 0.992764 -0.12008 0
    outer loop
      vertex 244.801 0.730659 0
      vertex 244.779 0.548774 1
      vertex 244.779 0.548774 0
    endloop
  endfacet
  facet normal 0.96651 -0.256629 0
    outer loop
      vertex 244.906 1.27009 1
      vertex 244.953 1.4471 0
      vertex 244.953 1.4471 1
    endloop
  endfacet
  facet normal 0.96651 -0.256629 0
    outer loop
      vertex 244.953 1.4471 0
      vertex 244.906 1.27009 1
      vertex 244.906 1.27009 0
    endloop
  endfacet
  facet normal 0.96651 0.256629 0
    outer loop
      vertex 244.953 -1.4471 1
      vertex 244.906 -1.27009 0
      vertex 244.906 -1.27009 1
    endloop
  endfacet
  facet normal 0.96651 0.256629 0
    outer loop
      vertex 244.906 -1.27009 0
      vertex 244.953 -1.4471 1
      vertex 244.953 -1.4471 0
    endloop
  endfacet
  facet normal 0.543839 0.83919 -0
    outer loop
      vertex 247.218 -4.45225 0
      vertex 247.064 -4.35245 1
      vertex 247.218 -4.45225 1
    endloop
  endfacet
  facet normal 0.543839 0.83919 0
    outer loop
      vertex 247.064 -4.35245 1
      vertex 247.218 -4.45225 0
      vertex 247.064 -4.35245 0
    endloop
  endfacet
  facet normal 0.682065 -0.731291 0
    outer loop
      vertex 246.353 3.77653 0
      vertex 246.487 3.90151 1
      vertex 246.353 3.77653 1
    endloop
  endfacet
  facet normal 0.682065 -0.731291 0
    outer loop
      vertex 246.487 3.90151 1
      vertex 246.353 3.77653 0
      vertex 246.487 3.90151 0
    endloop
  endfacet
  facet normal 0.602725 -0.797949 0
    outer loop
      vertex 246.768 4.13706 0
      vertex 246.914 4.24734 1
      vertex 246.768 4.13706 1
    endloop
  endfacet
  facet normal 0.602725 -0.797949 0
    outer loop
      vertex 246.914 4.24734 1
      vertex 246.768 4.13706 0
      vertex 246.914 4.24734 0
    endloop
  endfacet
  facet normal -0.996181 -0.0873111 0
    outer loop
      vertex 255.237 0.366221 0
      vertex 255.221 0.548774 1
      vertex 255.221 0.548774 0
    endloop
  endfacet
  facet normal -0.996181 -0.0873111 0
    outer loop
      vertex 255.221 0.548774 1
      vertex 255.237 0.366221 0
      vertex 255.237 0.366221 1
    endloop
  endfacet
  facet normal -0.190712 -0.981646 0
    outer loop
      vertex 250.912 5.17024 0
      vertex 251.092 5.13527 1
      vertex 250.912 5.17024 1
    endloop
  endfacet
  facet normal -0.190712 -0.981646 -0
    outer loop
      vertex 251.092 5.13527 1
      vertex 250.912 5.17024 0
      vertex 251.092 5.13527 0
    endloop
  endfacet
  facet normal 0.944949 0.327217 0
    outer loop
      vertex 245.067 -1.79561 1
      vertex 245.007 -1.62234 0
      vertex 245.007 -1.62234 1
    endloop
  endfacet
  facet normal 0.944949 0.327217 0
    outer loop
      vertex 245.007 -1.62234 0
      vertex 245.067 -1.79561 1
      vertex 245.067 -1.79561 0
    endloop
  endfacet
  facet normal 0.705934 -0.708277 0
    outer loop
      vertex 246.223 3.64696 0
      vertex 246.353 3.77653 1
      vertex 246.223 3.64696 1
    endloop
  endfacet
  facet normal 0.705934 -0.708277 0
    outer loop
      vertex 246.353 3.77653 1
      vertex 246.223 3.64696 0
      vertex 246.353 3.77653 0
    endloop
  endfacet
  facet normal -0.799377 0.60083 0
    outer loop
      vertex 254.137 -3.23222 0
      vertex 254.247 -3.08587 1
      vertex 254.247 -3.08587 0
    endloop
  endfacet
  facet normal -0.799377 0.60083 0
    outer loop
      vertex 254.247 -3.08587 1
      vertex 254.137 -3.23222 0
      vertex 254.137 -3.23222 1
    endloop
  endfacet
  facet normal 0.731287 -0.682069 0
    outer loop
      vertex 246.098 3.51294 1
      vertex 246.223 3.64696 0
      vertex 246.223 3.64696 1
    endloop
  endfacet
  facet normal 0.731287 -0.682069 0
    outer loop
      vertex 246.223 3.64696 0
      vertex 246.098 3.51294 1
      vertex 246.098 3.51294 0
    endloop
  endfacet
  facet normal 0.0174837 -0.999847 0
    outer loop
      vertex 249.817 5.2468 0
      vertex 250 5.25 1
      vertex 249.817 5.2468 1
    endloop
  endfacet
  facet normal 0.0174837 -0.999847 0
    outer loop
      vertex 250 5.25 1
      vertex 249.817 5.2468 0
      vertex 250 5.25 0
    endloop
  endfacet
  facet normal 0.627777 0.778393 -0
    outer loop
      vertex 246.768 -4.13706 0
      vertex 246.625 -4.02173 1
      vertex 246.768 -4.13706 1
    endloop
  endfacet
  facet normal 0.627777 0.778393 0
    outer loop
      vertex 246.625 -4.02173 1
      vertex 246.768 -4.13706 0
      vertex 246.625 -4.02173 0
    endloop
  endfacet
  facet normal -0.0869373 -0.996214 0
    outer loop
      vertex 250.366 5.23721 0
      vertex 250.549 5.22124 1
      vertex 250.366 5.23721 1
    endloop
  endfacet
  facet normal -0.0869373 -0.996214 -0
    outer loop
      vertex 250.549 5.22124 1
      vertex 250.366 5.23721 0
      vertex 250.549 5.22124 0
    endloop
  endfacet
  facet normal -0.324338 -0.945941 0
    outer loop
      vertex 251.622 4.99305 0
      vertex 251.796 4.93339 1
      vertex 251.622 4.99305 1
    endloop
  endfacet
  facet normal -0.324338 -0.945941 -0
    outer loop
      vertex 251.796 4.93339 1
      vertex 251.622 4.99305 0
      vertex 251.796 4.93339 0
    endloop
  endfacet
  facet normal -0.190712 0.981646 0
    outer loop
      vertex 251.092 -5.13527 0
      vertex 250.912 -5.17024 1
      vertex 251.092 -5.13527 1
    endloop
  endfacet
  facet normal -0.190712 0.981646 0
    outer loop
      vertex 250.912 -5.17024 1
      vertex 251.092 -5.13527 0
      vertex 250.912 -5.17024 0
    endloop
  endfacet
  facet normal 0.955656 -0.294484 0
    outer loop
      vertex 244.953 1.4471 1
      vertex 245.007 1.62234 0
      vertex 245.007 1.62234 1
    endloop
  endfacet
  facet normal 0.955656 -0.294484 0
    outer loop
      vertex 245.007 1.62234 0
      vertex 244.953 1.4471 1
      vertex 244.953 1.4471 0
    endloop
  endfacet
  facet normal 0.999866 0.0163714 0
    outer loop
      vertex 244.753 -0.183222 1
      vertex 244.75 0 0
      vertex 244.75 0 1
    endloop
  endfacet
  facet normal 0.999866 0.0163714 0
    outer loop
      vertex 244.75 0 0
      vertex 244.753 -0.183222 1
      vertex 244.753 -0.183222 0
    endloop
  endfacet
  facet normal 0.358555 0.933509 -0
    outer loop
      vertex 248.204 -4.93339 0
      vertex 248.033 -4.86771 1
      vertex 248.204 -4.93339 1
    endloop
  endfacet
  facet normal 0.358555 0.933509 0
    outer loop
      vertex 248.033 -4.86771 1
      vertex 248.204 -4.93339 0
      vertex 248.033 -4.86771 0
    endloop
  endfacet
  facet normal 0.0869373 0.996214 -0
    outer loop
      vertex 249.634 -5.23721 0
      vertex 249.451 -5.22124 1
      vertex 249.634 -5.23721 1
    endloop
  endfacet
  facet normal 0.0869373 0.996214 0
    outer loop
      vertex 249.451 -5.22124 1
      vertex 249.634 -5.23721 0
      vertex 249.451 -5.22124 0
    endloop
  endfacet
  facet normal -0.838174 0.545402 0
    outer loop
      vertex 254.352 -2.93576 0
      vertex 254.452 -2.78208 1
      vertex 254.452 -2.78208 0
    endloop
  endfacet
  facet normal -0.838174 0.545402 0
    outer loop
      vertex 254.452 -2.78208 1
      vertex 254.352 -2.93576 0
      vertex 254.352 -2.93576 1
    endloop
  endfacet
  facet normal 0.819429 0.57318 0
    outer loop
      vertex 245.753 -3.08587 1
      vertex 245.648 -2.93576 0
      vertex 245.648 -2.93576 1
    endloop
  endfacet
  facet normal 0.819429 0.57318 0
    outer loop
      vertex 245.648 -2.93576 0
      vertex 245.753 -3.08587 1
      vertex 245.753 -3.08587 0
    endloop
  endfacet
  facet normal -0.889227 0.457466 0
    outer loop
      vertex 254.635 -2.46473 0
      vertex 254.719 -2.30145 1
      vertex 254.719 -2.30145 0
    endloop
  endfacet
  facet normal -0.889227 0.457466 0
    outer loop
      vertex 254.719 -2.30145 1
      vertex 254.635 -2.46473 0
      vertex 254.635 -2.46473 1
    endloop
  endfacet
  facet normal -0.422766 0.906239 0
    outer loop
      vertex 252.301 -4.71867 0
      vertex 252.135 -4.79611 1
      vertex 252.301 -4.71867 1
    endloop
  endfacet
  facet normal -0.422766 0.906239 0
    outer loop
      vertex 252.135 -4.79611 1
      vertex 252.301 -4.71867 0
      vertex 252.135 -4.79611 0
    endloop
  endfacet
  facet normal 0.944949 -0.327217 0
    outer loop
      vertex 245.007 1.62234 1
      vertex 245.067 1.79561 0
      vertex 245.067 1.79561 1
    endloop
  endfacet
  facet normal 0.944949 -0.327217 0
    outer loop
      vertex 245.067 1.79561 0
      vertex 245.007 1.62234 1
      vertex 245.007 1.62234 0
    endloop
  endfacet
  facet normal 0.981593 0.190985 0
    outer loop
      vertex 244.865 -1.09154 1
      vertex 244.83 -0.911653 0
      vertex 244.83 -0.911653 1
    endloop
  endfacet
  facet normal 0.981593 0.190985 0
    outer loop
      vertex 244.83 -0.911653 0
      vertex 244.865 -1.09154 1
      vertex 244.865 -1.09154 0
    endloop
  endfacet
  facet normal 0.731287 0.682069 0
    outer loop
      vertex 246.223 -3.64696 1
      vertex 246.098 -3.51294 0
      vertex 246.098 -3.51294 1
    endloop
  endfacet
  facet normal 0.731287 0.682069 0
    outer loop
      vertex 246.098 -3.51294 0
      vertex 246.223 -3.64696 1
      vertex 246.223 -3.64696 0
    endloop
  endfacet
  facet normal -0.0523326 -0.99863 0
    outer loop
      vertex 250.183 5.2468 0
      vertex 250.366 5.23721 1
      vertex 250.183 5.2468 1
    endloop
  endfacet
  facet normal -0.0523326 -0.99863 -0
    outer loop
      vertex 250.366 5.23721 1
      vertex 250.183 5.2468 0
      vertex 250.366 5.23721 0
    endloop
  endfacet
  facet normal -0.0174837 -0.999847 0
    outer loop
      vertex 250 5.25 0
      vertex 250.183 5.2468 1
      vertex 250 5.25 1
    endloop
  endfacet
  facet normal -0.0174837 -0.999847 -0
    outer loop
      vertex 250.183 5.2468 1
      vertex 250 5.25 0
      vertex 250.183 5.2468 0
    endloop
  endfacet
  facet normal 0.190712 0.981646 -0
    outer loop
      vertex 249.088 -5.17024 0
      vertex 248.908 -5.13527 1
      vertex 249.088 -5.17024 1
    endloop
  endfacet
  facet normal 0.190712 0.981646 0
    outer loop
      vertex 248.908 -5.13527 1
      vertex 249.088 -5.17024 0
      vertex 248.908 -5.13527 0
    endloop
  endfacet
  facet normal 0.422766 0.906239 -0
    outer loop
      vertex 247.865 -4.79611 0
      vertex 247.699 -4.71867 1
      vertex 247.865 -4.79611 1
    endloop
  endfacet
  facet normal 0.422766 0.906239 0
    outer loop
      vertex 247.699 -4.71867 1
      vertex 247.865 -4.79611 0
      vertex 247.699 -4.71867 0
    endloop
  endfacet
  facet normal 0.996181 -0.0873111 0
    outer loop
      vertex 244.763 0.366221 1
      vertex 244.779 0.548774 0
      vertex 244.779 0.548774 1
    endloop
  endfacet
  facet normal 0.996181 -0.0873111 0
    outer loop
      vertex 244.779 0.548774 0
      vertex 244.763 0.366221 1
      vertex 244.763 0.366221 0
    endloop
  endfacet
  facet normal 0.755334 -0.65534 0
    outer loop
      vertex 245.978 3.37463 1
      vertex 246.098 3.51294 0
      vertex 246.098 3.51294 1
    endloop
  endfacet
  facet normal 0.755334 -0.65534 0
    outer loop
      vertex 246.098 3.51294 0
      vertex 245.978 3.37463 1
      vertex 245.978 3.37463 0
    endloop
  endfacet
  facet normal -0.392068 -0.919936 0
    outer loop
      vertex 251.967 4.86771 0
      vertex 252.135 4.79611 1
      vertex 251.967 4.86771 1
    endloop
  endfacet
  facet normal -0.392068 -0.919936 -0
    outer loop
      vertex 252.135 4.79611 1
      vertex 251.967 4.86771 0
      vertex 252.135 4.79611 0
    endloop
  endfacet
  facet normal 0.225603 0.974219 -0
    outer loop
      vertex 248.908 -5.13527 0
      vertex 248.73 -5.09405 1
      vertex 248.908 -5.13527 1
    endloop
  endfacet
  facet normal 0.225603 0.974219 0
    outer loop
      vertex 248.73 -5.09405 1
      vertex 248.908 -5.13527 0
      vertex 248.73 -5.09405 0
    endloop
  endfacet
  facet normal 0.974634 0.223803 0
    outer loop
      vertex 244.906 -1.27009 1
      vertex 244.865 -1.09154 0
      vertex 244.865 -1.09154 1
    endloop
  endfacet
  facet normal 0.974634 0.223803 0
    outer loop
      vertex 244.865 -1.09154 0
      vertex 244.906 -1.27009 1
      vertex 244.906 -1.27009 0
    endloop
  endfacet
  facet normal 0.981593 -0.190985 0
    outer loop
      vertex 244.83 0.911653 1
      vertex 244.865 1.09154 0
      vertex 244.865 1.09154 1
    endloop
  endfacet
  facet normal 0.981593 -0.190985 0
    outer loop
      vertex 244.865 1.09154 0
      vertex 244.83 0.911653 1
      vertex 244.83 0.911653 0
    endloop
  endfacet
  facet normal -0.755334 -0.65534 0
    outer loop
      vertex 254.022 3.37463 0
      vertex 253.902 3.51294 1
      vertex 253.902 3.51294 0
    endloop
  endfacet
  facet normal -0.755334 -0.65534 0
    outer loop
      vertex 253.902 3.51294 1
      vertex 254.022 3.37463 0
      vertex 254.022 3.37463 1
    endloop
  endfacet
  facet normal 0.0174837 0.999847 -0
    outer loop
      vertex 250 -5.25 0
      vertex 249.817 -5.2468 1
      vertex 250 -5.25 1
    endloop
  endfacet
  facet normal 0.0174837 0.999847 0
    outer loop
      vertex 249.817 -5.2468 1
      vertex 250 -5.25 0
      vertex 249.817 -5.2468 0
    endloop
  endfacet
  facet normal 0.778004 -0.62826 0
    outer loop
      vertex 245.863 3.23222 1
      vertex 245.978 3.37463 0
      vertex 245.978 3.37463 1
    endloop
  endfacet
  facet normal 0.778004 -0.62826 0
    outer loop
      vertex 245.978 3.37463 0
      vertex 245.863 3.23222 1
      vertex 245.863 3.23222 0
    endloop
  endfacet
  facet normal 0.919728 0.392557 0
    outer loop
      vertex 245.204 -2.13537 1
      vertex 245.132 -1.96668 0
      vertex 245.132 -1.96668 1
    endloop
  endfacet
  facet normal 0.919728 0.392557 0
    outer loop
      vertex 245.132 -1.96668 0
      vertex 245.204 -2.13537 1
      vertex 245.204 -2.13537 0
    endloop
  endfacet
  facet normal -0.705934 -0.708277 0
    outer loop
      vertex 253.647 3.77653 0
      vertex 253.777 3.64696 1
      vertex 253.647 3.77653 1
    endloop
  endfacet
  facet normal -0.705934 -0.708277 -0
    outer loop
      vertex 253.777 3.64696 1
      vertex 253.647 3.77653 0
      vertex 253.777 3.64696 0
    endloop
  endfacet
  facet normal 0.656863 -0.75401 0
    outer loop
      vertex 246.487 3.90151 0
      vertex 246.625 4.02173 1
      vertex 246.487 3.90151 1
    endloop
  endfacet
  facet normal 0.656863 -0.75401 0
    outer loop
      vertex 246.625 4.02173 1
      vertex 246.487 3.90151 0
      vertex 246.625 4.02173 0
    endloop
  endfacet
  facet normal 0.934796 0.355186 0
    outer loop
      vertex 245.132 -1.96668 1
      vertex 245.067 -1.79561 0
      vertex 245.067 -1.79561 1
    endloop
  endfacet
  facet normal 0.934796 0.355186 0
    outer loop
      vertex 245.067 -1.79561 0
      vertex 245.132 -1.96668 1
      vertex 245.132 -1.96668 0
    endloop
  endfacet
  facet normal 0.627777 -0.778393 0
    outer loop
      vertex 246.625 4.02173 0
      vertex 246.768 4.13706 1
      vertex 246.625 4.02173 1
    endloop
  endfacet
  facet normal 0.627777 -0.778393 0
    outer loop
      vertex 246.768 4.13706 1
      vertex 246.625 4.02173 0
      vertex 246.768 4.13706 0
    endloop
  endfacet
  facet normal -0.543839 0.83919 0
    outer loop
      vertex 252.936 -4.35245 0
      vertex 252.782 -4.45225 1
      vertex 252.936 -4.35245 1
    endloop
  endfacet
  facet normal -0.543839 0.83919 0
    outer loop
      vertex 252.782 -4.45225 1
      vertex 252.936 -4.35245 0
      vertex 252.782 -4.45225 0
    endloop
  endfacet
  facet normal -0.819429 0.57318 0
    outer loop
      vertex 254.247 -3.08587 0
      vertex 254.352 -2.93576 1
      vertex 254.352 -2.93576 0
    endloop
  endfacet
  facet normal -0.819429 0.57318 0
    outer loop
      vertex 254.352 -2.93576 1
      vertex 254.247 -3.08587 0
      vertex 254.247 -3.08587 1
    endloop
  endfacet
  facet normal 0.156447 0.987686 -0
    outer loop
      vertex 249.269 -5.19891 0
      vertex 249.088 -5.17024 1
      vertex 249.269 -5.19891 1
    endloop
  endfacet
  facet normal 0.156447 0.987686 0
    outer loop
      vertex 249.088 -5.17024 1
      vertex 249.269 -5.19891 0
      vertex 249.088 -5.17024 0
    endloop
  endfacet
  facet normal 0.919728 -0.392557 0
    outer loop
      vertex 245.132 1.96668 1
      vertex 245.204 2.13537 0
      vertex 245.204 2.13537 1
    endloop
  endfacet
  facet normal 0.919728 -0.392557 0
    outer loop
      vertex 245.204 2.13537 0
      vertex 245.132 1.96668 1
      vertex 245.132 1.96668 0
    endloop
  endfacet
  facet normal 0.955656 0.294484 0
    outer loop
      vertex 245.007 -1.62234 1
      vertex 244.953 -1.4471 0
      vertex 244.953 -1.4471 1
    endloop
  endfacet
  facet normal 0.955656 0.294484 0
    outer loop
      vertex 244.953 -1.4471 0
      vertex 245.007 -1.62234 1
      vertex 245.007 -1.62234 0
    endloop
  endfacet
  facet normal 0.0523326 0.99863 -0
    outer loop
      vertex 249.817 -5.2468 0
      vertex 249.634 -5.23721 1
      vertex 249.817 -5.2468 1
    endloop
  endfacet
  facet normal 0.0523326 0.99863 0
    outer loop
      vertex 249.634 -5.23721 1
      vertex 249.817 -5.2468 0
      vertex 249.634 -5.23721 0
    endloop
  endfacet
  facet normal 0.324338 0.945941 -0
    outer loop
      vertex 248.378 -4.99305 0
      vertex 248.204 -4.93339 1
      vertex 248.378 -4.99305 1
    endloop
  endfacet
  facet normal 0.324338 0.945941 0
    outer loop
      vertex 248.204 -4.93339 1
      vertex 248.378 -4.99305 0
      vertex 248.204 -4.93339 0
    endloop
  endfacet
  facet normal 0.934796 -0.355186 0
    outer loop
      vertex 245.067 1.79561 1
      vertex 245.132 1.96668 0
      vertex 245.132 1.96668 1
    endloop
  endfacet
  facet normal 0.934796 -0.355186 0
    outer loop
      vertex 245.132 1.96668 0
      vertex 245.067 1.79561 1
      vertex 245.067 1.79561 0
    endloop
  endfacet
  facet normal 0.819429 -0.57318 0
    outer loop
      vertex 245.648 2.93576 1
      vertex 245.753 3.08587 0
      vertex 245.753 3.08587 1
    endloop
  endfacet
  facet normal 0.819429 -0.57318 0
    outer loop
      vertex 245.753 3.08587 0
      vertex 245.648 2.93576 1
      vertex 245.648 2.93576 0
    endloop
  endfacet
  facet normal -0.225603 -0.974219 0
    outer loop
      vertex 251.092 5.13527 0
      vertex 251.27 5.09405 1
      vertex 251.092 5.13527 1
    endloop
  endfacet
  facet normal -0.225603 -0.974219 -0
    outer loop
      vertex 251.27 5.09405 1
      vertex 251.092 5.13527 0
      vertex 251.27 5.09405 0
    endloop
  endfacet
  facet normal 0.907235 -0.420623 0
    outer loop
      vertex 245.204 2.13537 1
      vertex 245.281 2.30145 0
      vertex 245.281 2.30145 1
    endloop
  endfacet
  facet normal 0.907235 -0.420623 0
    outer loop
      vertex 245.281 2.30145 0
      vertex 245.204 2.13537 1
      vertex 245.204 2.13537 0
    endloop
  endfacet
  facet normal -0.656863 0.75401 0
    outer loop
      vertex 253.513 -3.90151 0
      vertex 253.375 -4.02173 1
      vertex 253.513 -3.90151 1
    endloop
  endfacet
  facet normal -0.656863 0.75401 0
    outer loop
      vertex 253.375 -4.02173 1
      vertex 253.513 -3.90151 0
      vertex 253.375 -4.02173 0
    endloop
  endfacet
  facet normal -0.778004 -0.62826 0
    outer loop
      vertex 254.137 3.23222 0
      vertex 254.022 3.37463 1
      vertex 254.022 3.37463 0
    endloop
  endfacet
  facet normal -0.778004 -0.62826 0
    outer loop
      vertex 254.022 3.37463 1
      vertex 254.137 3.23222 0
      vertex 254.137 3.23222 1
    endloop
  endfacet
  facet normal -0.225603 0.974219 0
    outer loop
      vertex 251.27 -5.09405 0
      vertex 251.092 -5.13527 1
      vertex 251.27 -5.09405 1
    endloop
  endfacet
  facet normal -0.225603 0.974219 0
    outer loop
      vertex 251.092 -5.13527 1
      vertex 251.27 -5.09405 0
      vertex 251.092 -5.13527 0
    endloop
  endfacet
  facet normal 0.452426 -0.891802 0
    outer loop
      vertex 247.535 4.63547 0
      vertex 247.699 4.71867 1
      vertex 247.535 4.63547 1
    endloop
  endfacet
  facet normal 0.452426 -0.891802 0
    outer loop
      vertex 247.699 4.71867 1
      vertex 247.535 4.63547 0
      vertex 247.699 4.71867 0
    endloop
  endfacet
  facet normal 0.889227 -0.457466 0
    outer loop
      vertex 245.281 2.30145 1
      vertex 245.365 2.46473 0
      vertex 245.365 2.46473 1
    endloop
  endfacet
  facet normal 0.889227 -0.457466 0
    outer loop
      vertex 245.365 2.46473 0
      vertex 245.281 2.30145 1
      vertex 245.281 2.30145 0
    endloop
  endfacet
  facet normal 0.656863 0.75401 -0
    outer loop
      vertex 246.625 -4.02173 0
      vertex 246.487 -3.90151 1
      vertex 246.625 -4.02173 1
    endloop
  endfacet
  facet normal 0.656863 0.75401 0
    outer loop
      vertex 246.487 -3.90151 1
      vertex 246.625 -4.02173 0
      vertex 246.487 -3.90151 0
    endloop
  endfacet
  facet normal -0.499976 -0.500076 0.707069
    outer loop
      vertex 116.81 0.5 6.09841
      vertex 110.6 -0.5 1
      vertex 117.761 -0.5 6.06362
    endloop
  endfacet
  facet normal -0.500008 -0.500008 0.707095
    outer loop
      vertex 110.6 -0.5 1
      vertex 116.81 0.5 6.09841
      vertex 109.6 0.5 1
    endloop
  endfacet
  facet normal -0.500057 -0.50001 0.707059
    outer loop
      vertex 110.6 -0.5 1
      vertex 113.939 -5.2534 0
      vertex 115.315 -5.21544 1
    endloop
  endfacet
  facet normal -0.499967 -0.499967 0.707153
    outer loop
      vertex 109.6 0.5 1
      vertex 113.939 -5.2534 0
      vertex 110.6 -0.5 1
    endloop
  endfacet
  facet normal -0.49989 -0.499856 0.707286
    outer loop
      vertex 103.134 5.55147 0
      vertex 109.6 0.5 1
      vertex 104.589 5.51135 1
    endloop
  endfacet
  facet normal -0.499953 -0.499959 0.707169
    outer loop
      vertex 109.6 0.5 1
      vertex 103.134 5.55147 0
      vertex 113.939 -5.2534 0
    endloop
  endfacet
endsolid OpenSCAD_Model
